﻿<?xml version="1.0" encoding="utf-8" ?>
<sdk name="SDK" version="1.0">
  <device name="LGT8F328D">
    <module name="System Settings" init="DrvSYS_Init" keys="sys|clk|clock|help">
      <comment>Check to enable system configuration</comment>
      <comment>You can leave this part unchecked if default setting is okay for your application.</comment>
      <comment>Default settings as follow:</comment>
      <comment>1. main clock source : internal 32MHz RC/OSC</comment>
      <comment>2. main clock scalar : 1/8, so mcu is clocked at 4MHz</comment>
      <group name="configuration" type="macro">
        <feature name="Main clock source (MCLK)" type="option" macro="MCK_MCLKSEL">
          <option name="0x0 - Internal 32MHz RC/OSC">internal 32MHz RC/OSC</option>
          <option name="0x1 - External 400Hz~32MHz Crystal"/>
          <option name="0x2 - Internal 32KHz RC/OSC">internal 32KHz RC/OSC</option>
          <option name="0x3 - External 32KHz~400KHz Crystal"/>
          <comment>Set System Clock source, which is used as main clock source to driver core and kinds of peripherals.</comment>
        </feature>
        <feature name="External Crystal Frequency" type="text" macro="MCK_FOSC" default="16000000">
          <comment>If external crystal is used for main clock source, give its frequency here&#xA;e.g, 16000000 for 16MHz</comment>
        </feature>
        <feature name="Main clock pre-scalar" type="option" macro="MCK_CLKDIV">
          <option name="0x3 - MCLK/8">This is the default settings</option>
          <option name="0x0 - No scalar">main clock w/o divider</option>
          <option name="0x1 - MCLK/2">main clock divide by 2</option>
          <option name="0x2 - MCLK/4"/>
          <option name="0x4 - MCLK/16"/>
          <option name="0x5 - MCLK/32"/>
          <option name="0x6 - MCLK/64"/>
          <option name="0x7 - MCLK/128"/>
          <option name="0x8 - MCLK/256"/>
          <option name="0x9 - MCLK/512"/>
          <comment>Set main clock divider's per-scalar factor</comment>
        </feature>
        <feature name="CLKO output select" type="option" macro="MCK_CKOSEL">
          <option name="0x0 - disable CLKO output"/>
          <option name="0x1 - output CLKO from PE5"/>
          <option name="0x2 - output CLKO from PB0"/>
          <comment>Enable system clock output from selected port</comment>
        </feature>        
        <feature name="Enable Internal 32MHz RC" type="check" macro="MCK_RCMEN" default="1"/>
        <feature name="Enable Internal 32KHz RC" type="check" macro="MCK_RCKEN" default="0"/>
        <feature name="Enable External high speed crystal" type="check" macro="MCK_OSCMEN" default="0">
          <comment>Check to enable external crystal I/O for high speed crystal (MHz)</comment>
        </feature>
        <feature name="Enable External low speed crystal" type="check" macro="MCK_OSCKEN" default="0">
          <comment>Check to enable external crystal I/O for low speed crystal (KHz)</comment>
        </feature>
        <feature name="Disable SWD Interface" type="check" macro="SYS_SWDD" default="0">
          <comment>Check to disable SWD Debug interface.</comment>
          <comment>It's recommand to leave SWD enabled if possible.</comment>
        </feature>
        <feature name="Disable RESETN" type="check" macro="SYS_RSTIOEN" default="0">
          <comment>Check to disable external reset</comment>
          <comment>After disable, the port can be used as GPIO (PC6)</comment>
        </feature>  
        <feature name="Disable VREF" type="check" macro="SYS_VREFIOEN" default="0">
          <comment>Check to disable external VREF of ADC</comment>
          <comment>After disable, the port can be used as GPIO (PE6)</comment>
        </feature>        
        <feature name="Global pull-up control" type="check" macro="SYS_PUD" default="0">
          <comment>Check to dsiable global pull-up of I/O.</comment>
          <comment>I/O's pullup can be controlled individually, e.g, DrvGPIO_SetPullup(B, OUT7)</comment>
        </feature>     
      </group>
      <group name="SDK/API Configuration" type="api">
        <func name="void DrvCLK_EnableClockSource(u8 u8ClkEna)" type="check">
          <comment>
            <return type="void"></return>
            <arg name="u8ClkEna" type="u8">
              <option name="E_CLK_RCM">Enable internal 32MHz RC</option>
              <option name="E_CLK_RCK">Enable internal 32KHz RC</option>
              <option name="E_CLK_OSCM">Enable external high speed crystal</option>
              <option name="E_CLK_OSCK">Enable external low speed crystal</option>
              <comment>Select clock source to enable</comment>
            </arg>
            <desc>Enable clock source, e.g, DrvCLK_EnableClockSource((E_CLK_OSCM|E_CLK_RCK))</desc>
          </comment>
        </func>
        <func name="void DrvCLK_DisableClockSource(u8 u8ClkEna)" type="check">
          <comment>
            <return type="void"></return>
            <arg name="u8ClkEna" type="u8">
              <option name="E_CLK_RCM">Disable internal 32MHz RC</option>
              <option name="E_CLK_RCK">Disable internal 32KHz RC</option>
              <option name="E_CLK_OSCM">Disable external high speed crystal</option>
              <option name="E_CLK_OSCK">Disable external low speed crystal</option>
              <comment>Disable clock source for save power consumption</comment>
            </arg>
            <desc>Disable clock source, e.g, DrvCLK_DisableClockSource((E_CLK_OSCM))</desc>
          </comment>
        </func>
        <func name="void DrvCLK_SetMainClock(u8 u8MclkSel)" type="check">
          <comment>
            <return type="void"></return>
            <arg name="u8MclkSel" type="u8">
              <option name="E_MCLK_RCM">Select internal 32MHz RC as main clock</option>
              <option name="E_MCLK_OSCM">Select external high speed crystal as main clock</option>
              <option name="E_MCLK_RCK">Select internal 32KHz RC as main clock</option>
              <option name="E_MCLK_OSCK">Select external low speed crystal as main clock</option>
              <comment>Clock source select</comment>
            </arg>
            <desc>Set main clock source, e.g, DrvCLK_SetMainClock(E_MCLK_RCK) will select internal 32KHz RC as main clock source</desc>
          </comment>
        </func>
        <func name="void DrvCLK_SetClockDivider(u8 u8ClkDiv)" type="check">
          <comment>
            <return type="void"></return>
            <arg name="u8ClkDiv" type="u8">
              <option name="E_CLKDIV_1">no divider or divided by 1</option>
              <option name="E_CLKDIV_2">main clock divided by 2</option>
              <option name="E_CLKDIV_4">main clock divided by 4</option>
              <option name="......"/>
              <option name="E_CLKDIV_256">main clock divided by 256</option>
              <option name="E_CLKDIV_512">main clock divided by 512</option>
              <comment>Set clock divider</comment>
            </arg>
            <desc>Set main clock divider, e.g, DrvCLK_SetClockDivider(E_CLKDIV_4) will set MCLK/4 as final clock source for system</desc>
          </comment>
        <func name="void DrvCLK_CloseCLKO(void)" type="check">
          <comment>Close system clock output from PE5 or PB0 (depend on your configuration)</comment>
        </func>        
        </func>
      </group>
      <inc path="">FSYSCLK.h</inc>
      <inc path="">DrvMISC.h</inc>
      <inc path="">DrvSYS.h</inc>
      <src path="">DrvMISC.c</src>
      <src path="">DrvSYS.c</src>      
    </module>
    <module name="Power Management" init="DrvPWR_Init" keys="pwr|power|sleep|help">
      <comment>Check to enable power managment configuration</comment>
      <comment>Note: power/off mode can achive lowest power consumption. INT1/0 or WDT can be used for wakup system out of power/off mode</comment>
      <group name="API Configure" type="api">
        <func name="void DrvPWR_Sleep(emSMODE emSMode)" type="check">
          <comment>
            <return type="void"></return>
            <arg name="emSMode" type="enum">
              <comment>Set target sleep mode, can be set to following macro:</comment>
              <option name="E_SLEEP_IDLE">Set system to idle mode, only MCU core is stoped.</option>
              <option name="E_SLEEP_ADCNRM">Set system to ADC noise cancel mode</option>
              <option name="E_SLEEP_PWRDOWN">Set system to power/down mode</option>
              <option name="E_SLEEP_POFFS0">Set system to power/off S0 mode</option>
              <option name="E_SLEEP_POFFS1">Set system to power/off S1 mode</option>
            </arg>
            <desc>Set mcu to sleep modes. e.g, DrvPWR_Sleep(E_SLEEP_PWROFF) will bring system to power/off mode</desc>
          </comment>
        </func>
        <func name="void DrvPWR_ModuleEnable(PRR_ID)" type="check">
          <comment>
            <return type="void"></return>
            <arg name="PRR_ID" type="macro">
              <comment>Enable clock for perpherials:</comment>
              <option name="PRR_ADC">Enable clock for ADC module.</option>
              <option name="PRR_USART0">Enable clock for USART module</option>
              <option name="PRR_SPI">Enable clock for SPI module</option>
              <option name="PRR_TIM1">Enable clock for Timer 1</option>
              <option name="PRR_TIM0">Enable clock for Timer 0</option>
              <option name="PRR_TIM2">Enable clock for Timer 2</option>
              <option name="PRR_TWI">Enable clock for TWI module</option>
              <option name="PRR_PCI">Enable clock for Pin change detector</option>
              <option name="PRR_EFL">Enable clock for E2PROM controller</option>
              <option name="PRR_WDT">Enable clock for Watch dog timer</option>
            </arg>
            <desc>Enable peripherals clock if they are disabled.</desc>
            <desc>e.g, DrvPWR_ModuleEnable((PRR_TIM0|PRR_TWI|PRR_SPI))</desc>
          </comment>
        </func>
        <func name="void DrvPWR_ModuleDisable(PRR_ID)" type="check">
          <comment>
            <return type="void"></return>
            <arg name="PRR_ID" type="macro">
              <comment>Disable clock for perpherials:</comment>
              <option name="PRR_ADC">Disable clock for ADC module.</option>
              <option name="PRR_USART0">Disable clock for USART module</option>
              <option name="PRR_SPI">Disable clock for SPI module</option>
              <option name="PRR_TIM1">Disable clock for Timer 1</option>
              <option name="PRR_TIM0">Disable clock for Timer 0</option>
              <option name="PRR_TIM2">Disable clock for Timer 2</option>
              <option name="PRR_TWI">Disable clock for TWI module</option>
              <option name="PRR_PCI">Disable clock for Pin change detector</option>
              <option name="PRR_EFL">Disable clock for E2PROM controller</option>
              <option name="PRR_WDT">Disable clock for Watch dog timer</option>
            </arg>
            <desc>Disable peripherals clock if they are not used.</desc>
            <desc>e.g, DrvPWR_ModuleDisable((PRR_TIM0|PRR_TWI|PRR_SPI))</desc>
          </comment>
        </func>      
      </group>
      <src path="">DrvPWR.c</src>
      <inc path="">DrvPWR.h</inc>
    </module>
    <module name="I/O Subsystem" init="DrvGPIO_Init" keys="io|gpio|gpp|port|pin">
      <comment>Check to enable GPIO configuration</comment>
      <group name="configuration" type="macro">
        <feature name="Check to set as output (port direction)" type="cklist" macro="null">
          <list name="DDRB">
            <check name="PB0" macro="GPIO_DDB0">Enable PB0 output</check>
            <check name="PB1" macro="GPIO_DDB1">Enable PB1 output</check>
            <check name="PB2" macro="GPIO_DDB2">Enable PB2 output</check>
            <check name="PB3" macro="GPIO_DDB3">Enable PB3 output</check>
            <check name="PB4" macro="GPIO_DDB4">Enable PB4 output</check>
            <check name="PB5" macro="GPIO_DDB5">Enable PB5 output</check>
            <check name="PB6" macro="GPIO_DDB6">Enable PB6 output</check>
            <check name="PB7" macro="GPIO_DDB7">Enable PB7 output</check>
          </list>    
          <list name="DDRC">
            <check name="PC0" macro="GPIO_DDC0">Enable PC0 output</check>
            <check name="PC1" macro="GPIO_DDC1">Enable PC1 output</check>
            <check name="PC2" macro="GPIO_DDC2">Enable PC2 output</check>
            <check name="PC3" macro="GPIO_DDC3">Enable PC3 output</check>
            <check name="PC4" macro="GPIO_DDC4">Enable PC4 output</check>
            <check name="PC5" macro="GPIO_DDC5">Enable PC5 output</check>
            <check name="PC6" macro="GPIO_DDC6">Enable PC6 output</check>
          </list>
          <list name="DDRD">
            <check name="PD0" macro="GPIO_DDD0">Enable PD0 output</check>
            <check name="PD1" macro="GPIO_DDD1">Enable PD1 output</check>
            <check name="PD2" macro="GPIO_DDD2">Enable PD2 output</check>
            <check name="PD3" macro="GPIO_DDD3">Enable PD3 output</check>
            <check name="PD4" macro="GPIO_DDD4">Enable PD4 output</check>
            <check name="PD5" macro="GPIO_DDD5">Enable PD5 output</check>
            <check name="PD6" macro="GPIO_DDD6">Enable PD6 output</check>
            <check name="PD7" macro="GPIO_DDD7">Enable PD7 output</check>
          </list>
          <list name="DDRE">
            <check name="PE0" macro="GPIO_DDE0">Enable PE0 output</check>
            <check name="PE1" macro="GPIO_DDE1">Enable PE1 output</check>
            <check name="PE2" macro="GPIO_DDE2">Enable PE2 output</check>
            <check name="PE3" macro="GPIO_DDE3">Enable PE3 output</check>
            <check name="PE4" macro="GPIO_DDE4">Enable PE4 output</check>
            <check name="PE5" macro="GPIO_DDE5">Enable PE5 output</check>
            <check name="PE6" macro="GPIO_DDE6">Enable PE6 output</check>
          </list>        
        </feature>
        <feature name="Initial level for output port, check to high" type="cklist" macro="null">
          <list name="PORTB">
            <check name="PB0" macro="GPIO_PDB0"></check>
            <check name="PB1" macro="GPIO_PDB1"></check>
            <check name="PB2" macro="GPIO_PDB2"></check>
            <check name="PB3" macro="GPIO_PDB3"></check>
            <check name="PB4" macro="GPIO_PDB4"></check>
            <check name="PB5" macro="GPIO_PDB5"></check>
            <check name="PB6" macro="GPIO_PDB6"></check>
            <check name="PB7" macro="GPIO_PDB7"></check>
          </list>    
          <list name="PORTC">
            <check name="PC0" macro="GPIO_PDC0"></check>
            <check name="PC1" macro="GPIO_PDC1"></check>
            <check name="PC2" macro="GPIO_PDC2"></check>
            <check name="PC3" macro="GPIO_PDC3"></check>
            <check name="PC4" macro="GPIO_PDC4"></check>
            <check name="PC5" macro="GPIO_PDC5"></check>
            <check name="PC6" macro="GPIO_PDC6"></check>
          </list>
          <list name="PORTD">
            <check name="PD0" macro="GPIO_PDD0"></check>
            <check name="PD1" macro="GPIO_PDD1"></check>
            <check name="PD2" macro="GPIO_PDD2"></check>
            <check name="PD3" macro="GPIO_PDD3"></check>
            <check name="PD4" macro="GPIO_PDD4"></check>
            <check name="PD5" macro="GPIO_PDD5"></check>
            <check name="PD6" macro="GPIO_PDD6"></check>
            <check name="PD7" macro="GPIO_PDD7"></check>
          </list>
          <list name="PORTE">
            <check name="PE0" macro="GPIO_PDE0"></check>
            <check name="PE1" macro="GPIO_PDE1"></check>
            <check name="PE2" macro="GPIO_PDE2"></check>
            <check name="PE3" macro="GPIO_PDE3"></check>
            <check name="PE4" macro="GPIO_PDE4"></check>
            <check name="PE5" macro="GPIO_PDE5"></check>
            <check name="PE6" macro="GPIO_PDE6"></check>
          </list>            
        </feature>
      </group>
      <group name="API Configure" type="api">
        <func name="void DrvGPIO_EnableOutput(portName, pinName)" type="check">
          <comment>
            <return type="void"></return>
            <arg name="portName" type="macro">
              <comment>port group name, can be B, C, D, E</comment>
            </arg>
            <arg name="pinName" type="macro">
              <comment>pin name, can be OUT7, ..., OUT1</comment>
            </arg>
            <desc>Set port as output. e.g, DrvGPIO_EnableOutput(B (OUT7|OUT2|OUT1))</desc>
          </comment>
        </func>
        <func name="void DrvGPIO_DisableOutput(portName, pinName)" type="check">
          <comment>
            <return type="void"></return>
            <arg name="portName" type="macro">
              <comment>port group name, can be B, C, D, E</comment>
            </arg>
            <arg name="pinName" type="macro">
              <comment>pin name, can be OUT7, ..., OUT1</comment>
            </arg>
            <desc>Set port as input only. e.g, DrvGPIO_DisableOutput(B, (OUT7|OUT2|OUT1))</desc>
          </comment>
        </func>
        <func name="void DrvGPIO_SetPort(portName, pinName)" type="check">
          <comment>
            <return type="void"></return>
            <arg name="portName" type="macro">
              <comment>port group name, can be B, C, D, E</comment>
            </arg>
            <arg name="pinName" type="macro">
              <comment>set target pin('s), can be OUT7, ...,OUT0</comment>
            </arg>
            <desc>Drive port to high level. e.g DrvGPIO_SetPort(B, (OUT7|OUT2|OUT1))</desc>
          </comment>
        </func>
        <func name="void DrvGPIO_ClearPort(portName, pinName)" type="check">
          <comment>
            <return type="void"></return>
            <arg name="portName" type="macro">
              <comment>port group name, can be B, C, D, E</comment>
            </arg>
            <arg name="pinName" type="macro">
              <comment>set target pin('s), can be OUT7, ...,OUT0</comment>
            </arg>
            <desc>Drive port to low level, e.g DrvGPIO_ClearPort(B, (OUT7|OUT2|OUT1))</desc>
          </comment>
        </func>
        <func name="void DrvGPIO_TogglePort(portName, pinName)" type="check">
          <comment>
            <return type="void"></return>
            <arg name="portName" type="macro">
              <comment>port group name, can be B, C, D, E</comment>
            </arg>
            <arg name="pinName" type="macro">
              <comment>set target pin('s), can be OUT7, ...,OUT0</comment>
            </arg>
            <desc>Toggle port's output level, e.g DrvGPIO_TogglePort(B, (OUT7|OUT2|OUT1))</desc>
          </comment>
        </func>
        <func name="u8 DrvGPIO_GetPort(portName)" type="check">
          <comment>
            <return type="u8">State of target port group</return>
            <arg name="portName" type="macro">
              <comment>port group name, can be B, C, D, E</comment>
            </arg>
            <desc>Get port's status, e.g tmp = DrvGPIO_GetPort(B)</desc>
          </comment>
        </func>
        <func name="u8 DrvGPIO_GetSinglePin(portName, pinName)" type="check">
          <comment>
            <return type="u8">status of target pin.&#xA;0x0: low level, 0x1: high level</return>
            <arg name="portName" type="macro">
              <comment>port group name, can be B, C, D, E</comment>
            </arg>
            <arg name="pinName" type="macro">
              <comment>target pin name, can be IN7,..., IN0</comment>
            </arg>
            <desc>Get pin's status, e.g level = DrvGPIO_GetSignalPin(B, IN0)</desc>
          </comment>
        </func>
        <func name="void DrvGPIO_SetPullup(portName, pinName)" type="check">
          <comment>
            <return type="void">Enable I/O's internal pull-up resistance</return>
            <arg name="portName" type="macro">
              <comment>port group name, can be B, C, D, E</comment>
            </arg>
            <arg name="pinName" type="macro">
              <comment>target pin name, can be OUT7,..., OUT0</comment>
            </arg>
            <desc>Enable pin's internal pull-up resistance, e.g DrvGPIO_SetPullup(B, (OUT2|OUT0))</desc>
          </comment>
        </func>        
      </group>
      <inc path="">DrvGPIO.h</inc>
      <src path="">DrvGPIO.c</src>      
    </module>
    <module name="External Interrupt" init="DrvEXINT_Init" keys="exint|int1|int0|pcint0|pcint1|pcint2|pcint3">
      <comment>Check to enable external interrupt configuration</comment>    
      <group name="Interrupters" type="irq">
        <vector name="IVN_EXINT0" macro="EXINT_INT0EN">
          <comment>Enable external interrupter 0</comment>
          <feature name="Triggle level select" type="option" macro="EXINT_INT0ISC">
            <option name="0x0 - low level"/>
            <option name="0x1 - any edge"/>
            <option name="0x2 - falling edge"/>
            <option name="0x3 - rising edge"/>
            <comment>Interrupt trigger level coinfigure</comment>
          </feature>
        </vector>
        <vector name="IVN_EXINT1" macro="EXINT_INT1EN">
          <comment>Enable external interrupter 1</comment>
          <feature name="Triggle level select" type="option" macro="EXINT_INT1ISC">
            <option name="0x0 - low level"/>
            <option name="0x1 - any edge"/>
            <option name="0x2 - falling edge"/>
            <option name="0x3 - rising edge"/>
            <comment>Interrupt trigger level coinfigure</comment>
          </feature>
        </vector>
        <vector name="IVN_PCINT0" macro="EXINT_PCINTBEN">
          <comment>Enable pin level change interrupt of PB[7:0]</comment>
          <feature name="Trigger source select" type="cklist" macro="null">
            <list name="PB">
              <check name="PB0" macro="EXINT_PCIB0MSK"/>
              <check name="PB1" macro="EXINT_PCIB1MSK"/>
              <check name="PB2" macro="EXINT_PCIB2MSK"/>
              <check name="PB3" macro="EXINT_PCIB3MSK"/>
              <check name="PB4" macro="EXINT_PCIB4MSK"/>
              <check name="PB5" macro="EXINT_PCIB5MSK"/>
              <check name="PB6" macro="EXINT_PCIB6MSK"/>
              <check name="PB7" macro="EXINT_PCIB7MSK"/>
            </list>
          </feature>
        </vector>
        <vector name="IVN_PCINT1" macro="EXINT_PCINTCEN">
          <comment>Enable pin level change interrupt of PC[6:0]</comment>
          <feature name="Trigger source select" type="cklist" macro="null">      
            <list name="PC">
              <check name="PC0" macro="EXINT_PCIC0MSK"/>
              <check name="PC1" macro="EXINT_PCIC1MSK"/>
              <check name="PC2" macro="EXINT_PCIC2MSK"/>
              <check name="PC3" macro="EXINT_PCIC3MSK"/>
              <check name="PC4" macro="EXINT_PCIC4MSK"/>
              <check name="PC5" macro="EXINT_PCIC5MSK"/>
              <check name="PC6" macro="EXINT_PCIC6MSK"/>            
            </list>
           </feature>
        </vector>
        <vector name="IVN_PCINT2" macro="EXINT_PCINTDEN">
          <comment>Enable pin level change interrupt of PD[7:0]</comment>
          <feature name="Trigger source select" type="cklist" macro="null">          
            <list name="PD">
              <check name="PD0" macro="EXINT_PCID0MSK"/>
              <check name="PD1" macro="EXINT_PCID1MSK"/>
              <check name="PD2" macro="EXINT_PCID2MSK"/>
              <check name="PD3" macro="EXINT_PCID3MSK"/>
              <check name="PD4" macro="EXINT_PCID4MSK"/>
              <check name="PD5" macro="EXINT_PCID5MSK"/>
              <check name="PD6" macro="EXINT_PCID6MSK"/>
              <check name="PD7" macro="EXINT_PCID7MSK"/>
            </list>
           </feature>
        </vector>
        <vector name="IVN_PCINT3" macro="EXINT_PCINTEEN">
          <comment>Enable pin level change interrupt of PE[6:0]</comment>
          <feature name="Trigger source select" type="cklist" macro="null">           
            <list name="PE">
              <check name="PE0" macro="EXINT_PCIE0MSK"/>
              <check name="PE1" macro="EXINT_PCIE1MSK"/>
              <check name="PE2" macro="EXINT_PCIE2MSK"/>
              <check name="PE3" macro="EXINT_PCIE3MSK"/>
              <check name="PE4" macro="EXINT_PCIE4MSK"/>
              <check name="PE5" macro="EXINT_PCIE5MSK"/>
              <check name="PE6" macro="EXINT_PCIE6MSK"/>            
            </list>          
          </feature>
        </vector>
      </group>
      <group name="API Configure" type="api">
        <func name="void DrvEXINT_DisableEXINT(ID)" type="check">
          <comment>
            <return type="void"></return>
            <arg name="ID" type="macro">
              <comment>external interrupt name, can be INT0 or INT1</comment>
            </arg>
            <desc>Disable external interrupt. e.g, DrvEXINT_DisableEXINT(INT0)</desc>
          </comment>
        </func>
        <func name="void DrvEXINT_EnableEXINT(ID)" type="check">
          <comment>
            <return type="void"></return>
            <arg name="ID" type="macro">
              <comment>external interrupt name, can be INT0 or INT1</comment>
            </arg>
            <desc>Enable external interrupt. e.g, DrvEXINT_EnableEXINT(INT1)</desc>
          </comment>
        </func>
        <func name="void DrvEXINT_EnablePCINT(PN, ID)" type="check">
          <comment>
            <return type="void"></return>
            <arg name="PN" type="macro">
              <comment>external port name, can be B, C, D or E</comment>
            </arg>
            <desc>Enable pin level change interrupt. e.g, DrvEXINT_EnablePCINT(B, PB2))</desc>
          </comment>
        </func>
        <func name="void DrvEXINT_DisablePCINT(PN, ID)" type="check">
          <comment>
            <return type="void"></return>
            <arg name="PN" type="macro">
              <comment>external port name, can be B, C, D or E</comment>
            </arg>
            <desc>Disable pin level change interrupt. e.g, DrvEXINT_DisablePCINT(C, PC0))</desc>
          </comment>
        </func>         
      </group>
      <inc path="">DrvEXINT.h</inc>
      <src path="">DrvEXINT.c</src>      
    </module>
    <module name="USART Module" init="DrvUSART_Init" keys="uart|usart|serial|rx|tx|rxd|txd|spi|help">
      <comment>Check to enable USART module configuration</comment>
      <group name="configuration" type="macro">
        <feature name="USART Mode" type="option" macro="USART_UMSEL0">
          <option name="0x0 - Asynchronous USART"/>
          <option name="0x1 - Synchronous USART"/>
          <option name="0x2 - Slave SPI">Use USART in SPI Slave mode</option>
          <option name="0x3 - Master SPI">Use USART in SPI Master mode</option>
          <comment>select USART work mode</comment>
        </feature>
        <feature name="Baud Rate" type="option" macro="USART_BDR0">
          <option name="9600 - 9600bps"/>
          <option name="19200 - 19200bps"/>
          <option name="38400 - 38400bps"/>
          <option name="57600 - 57600bps"/>
          <option name="115200 - 115200bps"/>
        </feature>
        <feature name="Data Width" type="option" macro="USART_UCSZ0">
          <option name="0x3 - 8bit data"/>
          <option name="0x0 - 5bit data"/>
          <option name="0x1 - 6bit data"/>
          <option name="0x2 - 7bit data"/>
          <option name="0x7 - 9bit data"/>
        </feature>
        <feature name="Stop bits" type="option" macro="USART_USBS0">
          <option name="0x0 - one stop bit"/>
          <option name="0x1 - two stop bit"/>
        </feature>
        <feature name="Parity Mode" type="option" macro="USART_UPM0">
          <option name="0x0 - Disable Parity"/>
          <option name="0x2 - Enable Even Parity"/>
          <option name="0x3 - Enable Odd Parity"/>
        </feature>
        <feature name="Clock Polarity (In Sync. Mode)" type="option" macro="USART_UCPOL0" enable="dep::USART_UMSEL0:0x1|0x2|0x3">
          <option name="0x0 - Rise edge of XCK1">Transmit data on rising of XCK1 edge; Sample data on falling XCK1</option>
          <option name="0x1 - Falling edge of XCK1">Transmit data on falling of XCK1 edge; Sample data on rising XCK1</option>
          <comment>select active clock polarity for USART when working in synchronous mode</comment>
        </feature>
        <feature name="Double Transmit Speed" type="check" macro="USART_U2X0">          
        </feature>
        <feature name="Multi-processor Mode" type="check" macro="USART_MPCM0">
          <comment>Check to enable multi-processor communication mode</comment>
        </feature>
        <feature name="TXD Enable" type="check" macro="USART_TXEN" default="1">
          <comment>Check to enable USART Transmit function</comment>
        </feature>
        <feature name="RXD Enable" type="check" macro="USART_RXEN" default="1">
          <comment>Check to enable USART Receive function</comment>
        </feature>
      </group>
      <group name="Interrupters" type="irq">
        <vector name="IVN_RXC" macro="USART_RXC" defalut="0">
          <comment>Enable USART Receive Complete interrupt</comment>
        </vector>
        <vector name="IVN_TXC" macro="USART_TXC" default="0">
          <comment>Enable USART Transmit Complete interrupt</comment>
        </vector>
        <vector name="IVN_UDR" macro="USART_UDRE" default="0">
          <comment>Enable USART Data register empty interrupt</comment>
        </vector>
      </group>      
      <group name="API Configure" type="api">
        <func name="void DrvUSART_SendChar(char u8Char)" type="check">
          <comment>
            <return type="void"></return>
            <arg name="u8Char" type="char">Byte to transmit</arg>
            <desc>Trasmit a byte data to USART interface</desc>
          </comment>
        </func>
        <func name="char DrvUSART_GetChar(void)" type="check">
          <comment>
            <return type="char">Byte received from USART interface</return>
            <desc>Receive a byte data from USART interface</desc>
          </comment>
        </func>
        <func name="void DrvUSART_SendStr(char *str)" type="check">
          <comment>
            <return type="void"></return>
            <arg name="str" type="char*">string to transmit</arg>
            <desc>Trasmit string buffer to USART interface</desc>
          </comment>
        </func>
      </group>
      <src path="">DrvUSART.c</src>
      <inc>FSYSCLK.h</inc>
      <inc path="">DrvUSART.h</inc>
    </module>   
    <module name="SPI Module" init="DrvSPI_Init" keys="spi|mosi|miso|help">
      <comment>Check to enable SPI module configuration</comment>
      <group name="configuration" type="macro">
        <feature name="SPI Mode Select" type="option" macro="SPI_SPIM">
          <option name="0x0 - SPI Slave mode"/>
          <option name="0x1 - SPI Master mode"/>
          <comment>Select SPI working mode</comment>
        </feature>
        <feature name="SPI Clock Settings" type="option" macro="SPI_SPICLK">
          <option name="0x0 - MCLK/4"></option>
          <option name="0x1 - MCLK/16"/>
          <option name="0x2 - MCLK/64"/>
          <option name="0x3 - MCLK/128"/>
          <option name="0x4 - MCLK/2"/>
          <option name="0x5 - MCLK/8"/>
          <option name="0x6 - MCLK/32"/>
          <comment>Set clock rate for SPI bus</comment>
        </feature>
        <feature name="SPI Data order" type="option" macro="SPI_SPIDORD">
          <option name="0x0 - MSB transmit first"/>
          <option name="0x1 - LSB transmit first"/>
        </feature>
        <feature name="SPI Bus Type" type="option" macro="SPI_SPITYPE">
          <option name="0x0 - CPOL=0, CPHA=0">SPCK start from low level, sample data at rising edge, set data on falling edge</option>
          <option name="0x1 - CPOL=0, CPHA=1">SPCK start from low level, sample data at falling edge, set data on rising edge</option>
          <option name="0x2 - CPOL=1, CPHA=0">SPCK start from high level, sample data at rising edge, set data on falling edge</option>
          <option name="0x3 - CPOL=1, CPHA=1">SPCK start from high level, sample data at falling edge, set data on rising edge</option>
          <comment>SPI but type select</comment>
        </feature>
      </group>
      <group name="Interrupters" type="irq">
        <vector name="IVN_SPI_STC" macro="SPI_SPIIEN">
          <comment>Check to enable Serial Transmit Complete interrupt</comment>
        </vector>
      </group>      
      <group name="API Configure" type="api">
        <func name="void DrvSPI_SPSSOff()" type="check">
          <comment>Set [SPSS] pin to high level</comment>
          <comment>Used for SPI master mode to diselect a slave</comment>
        </func>
        <func name="void DrvSPI_SPSSOn()" type="check">
          <comment>Set [SPSS] pin to low level</comment>
          <comment>Used for SPI master mode to select a slave</comment>
        </func>
        <func name="u8 DrvSPI_IsDataReady()" type="check">
          <comment>Check if previous transceiver is done</comment>
          <comment>return 0 if not ready, used in transceive data by polling status. (without interrupt)</comment>
        </func>
        <func name="void DrvSPI_SendByte(u8 value)" type="check">
          <comment>Send a byte out to SPI interface</comment>
        </func>
        <func name="u8 DrvSPI_GetByte()" type="check">
          <comment>Get a byte from SPI interface, after previous transmit is done</comment>
        </func> 
        <func name="void DrvSPI_Transceive(u8 u8Len, u8 *pu8Buf)" type="check">
          <comment>
            <return type="void"></return>
            <arg name="u8Len" type="u8">Byte length of data buffer</arg>
            <arg name="pu8Buf" type="u8*">Provide data for transmitter, store data from receiver</arg>
            <desc>Exchange data between SPI master and slave</desc>
          </comment>
        </func>    
      </group>
      <src path="">DrvSPI.c</src>
      <inc path="">DrvSPI.h</inc>
    </module>
    <module name="TWI Module" init="DrvTWI_Init" keys="i2c|twi|help">
      <comment>Check to enable TWI(I2C) configuration</comment>
      <group name="configuration" type="macro">
        <feature name="TWI Mode select" type="option" macro="TWI_MODE">
          <option name="0x0 - TWI(I2C) Master mode"/>
          <option name="0x1 - TWI(I2C) Slave mode"/>
          <comment>Slave function implemented by TWI interrupt.</comment>
        </feature>              
        <feature name="TWI/I2C device address" type="text" macro="TWI_ADDR" default="0x20">
          <comment>Set 7bit device address. the address is used in slave mode or multiple master network.</comment>
        </feature>          
        <feature name="TWI/I2C address mask" type="text" macro="TWI_AMR" default="0x00">
          <comment>Set 7bit device address mask. keep the default if dont know what it is.</comment>
        </feature>          
        <feature name="TWI/I2C Interrupt enable" type="check" macro="TWI_TWINT">
          <comment>Check to enable TWI interrupt. Interrupt server routine is included in SDK. User only need to provide hook function to process data for transmitter or receiver.</comment>  
        </feature>        
        <feature name="TWI/I2C Bit Rate in KHz" type="text" macro="TWI_BITRATE" default="0">
          <comment>Set I2C bus bit rate in KHz, Instead of cacluated by bit rate register (TWBR) and prescaler (TWPS)</comment>
          <comment>e.g, 100 means 100KHz. for standard I2C protocol, 100KHz and 400KHz are recommended.</comment>
        </feature>
        <feature name="TWI/I2C Bit Rate Register (TWBR)" type="text" macro="TWI_TWBR" default="16" enable="dep::TWI_BITRATE:0">
          <comment>Set TWI/I2C bit rate register, used to caculate bit rate with bit rate prescaler. Clear (Bit rate in KHz) to zero to enable this option</comment>
        </feature>
        <feature name="TWI Bit Rate Prescaler" type="option" macro="TWI_TWPS" enable="dep::TWI_BITRATE:0">
          <option name="0x0 - prescale by 1"/>
          <option name="0x1 - prescale by 4"/>
          <option name="0x2 - prescale by 16"/>
          <option name="0x3 - prescale by 64"/>          
          <comment>Set TWI/I2C bit rate by Bit Rate Register and Prescaler. Bit rate caculated as:</comment>
          <comment>Fscl=FCLK/(16+2*TWBR*pow(4,TWPS))</comment>
        </feature>          
        <feature name="TWI/I2C Transceiver buffer length" type="option" macro="TWI_BUF_SIZE">
          <option name="0x1 - 1 byte buffer"/>
          <option name="0x2 - 2 bytes buffer"/>
          <option name="0x4 - 4 bytes buffer"/>
          <option name="0x8 - 8 bytes buffer"/>
          <option name="0x10 - 16 bytes buffer"/>
          <option name="0x20 - 32 bytes buffer"/>
          <option name="0x40 - 64 bytes buffer"/>
          <comment>Set the length for data buffer, which is located in internal SRAM</comment>
        </feature>    
      </group>
      <group name="API Configure" type="api">
        <func name="void DrvTWI_SetBitRate(u16 bitKHz)" type="check">
          <comment>
            <return type="void"></return>
            <arg name="bitKHz" type="u16">
              <comment>Set bit rate (in KHz)</comment>
            </arg>
            <desc>e.g DrvTWI_SetBitRate(100) which set I2C bit rate to 100KHz</desc>
          </comment>
        </func>
        <func name="void DrvTWI_SetDeviceAddr(u8 devAddr, u8 genCallEn)" type="check">
          <comment>
            <return type="void"></return>
            <arg name="devAddr" type="u8">
              <comment>7bit device (LGT processor's) address</comment>
            </arg>
            <arg name="genCallEn" type="u8">
              <comment>set 1 to enable acknolege broadcast message (address = 0x00)</comment>
            </arg>            
            <desc>Set the local (LGT processor's) TWI/I2C device address</desc>
          </comment>
        </func>
        <func name="void DrvTWI_SetSlaveReceiveHandler(void (*rx_foo)(u8 length, u8* ptbuf))" type="check">
          <comment>
            <return type="void"></return>
            <arg name="rx_foo" type="void (*rx_foo)(u8, u8*)">
              <comment>Receive handler for TWI/I2C slave</comment>
            </arg>         
            <desc>Set Receive handler for TWI/I2C slave.</desc>
            <desc>User should implement application specific receive handler, following the prototype:</desc>
            <desc>"void rx_foo(u8 length, u8* ptbuf)"</desc>
            <desc>"length" represent data length (in byte) have received and "ptbuf" point to received data buffer</desc>
            <desc>User can setup this hanlder when system initialization.</desc>
            <desc>e.g, DrvTWI_SetSlaveReceiveHanalder(rx_foo);</desc>
          </comment>
        </func>
        <func name="u8 DrvTWI_SetSlaveTransmitHandler(u8 (*tx_foo)(u8 length, u8* ptbuf))" type="check">
          <comment>
            <return type="void"></return>
            <arg name="tx_foo" type="u8 (*tx_foo)(u8, u8*)">
              <comment>Transmit handler for TWI/I2C slave</comment>
            </arg>         
            <desc>Set Receive handler for TWI/I2C slave.</desc>
            <desc>User should implement application specific transimt handler, following the prototype:</desc>
            <desc>"u8 tx_foo(u8 length, u8* ptbuf)"</desc>
            <desc>"length" represent maximum transmit length (in byte) and "ptbuf" point to data buffer for transmit</desc>
            <desc>the return of "tx_foo()" is the actual data length for this transfer</desc>
            <desc>User can setup this hanlder when system initialization.</desc>
            <desc>e.g, DrvTWI_SetSlaveTransmitHanalder(tx_foo);</desc>
          </comment>
        </func>
        <func name="void DrvTWI_MasterSend(u8 devAddr, u8 length, u8* ptbuf)" type="check">
          <comment>
            <return type="void"></return>
            <arg name="devAddr" type="u8">
              <comment>7bit device (I2C slave) address</comment>
            </arg>
            <arg name="length" type="u8">
              <comment>data length (in byte) of this transfer</comment>
            </arg>            
            <arg name="ptbuf" type="u8*">
              <comment>point to data buffer</comment>
            </arg>   
            <desc>(Master mode)Send data to a device on the bus.</desc>
            <desc>This is a interrupt based implementation. So you need to enable TWI interrupt for using this function</desc>
          </comment>
        </func>
        <func name="void DrvTWI_MasterReceive(u8 devAddr, u8 length, u8* ptbuf)" type="check">
          <comment>
            <return type="void"></return>
            <arg name="devAddr" type="u8">
              <comment>7bit device (I2C slave) address</comment>
            </arg>
            <arg name="length" type="u8">
              <comment>Expected data length for transfer</comment>
            </arg>
            <arg name="ptbuf" type="u8*">
              <comment>point to received data buffer</comment>
            </arg>
            <desc>(Master mode)Receive data from a device on the bus.</desc>
            <desc>This is a interrupt based implementation. So you need to enable TWI interrupt for using this function</desc>
          </comment>
        </func>
        <func name="void DrvTWI_MasterSendNI(u8 devAddr, u8 length, u8* ptbuf)" type="check">
          <comment>
            <return type="void"></return>
            <arg name="devAddr" type="u8">
              <comment>7bit device (I2C slave) address</comment>
            </arg>
            <arg name="length" type="u8">
              <comment>data length (in byte) of this transfer</comment>
            </arg>            
            <arg name="ptbuf" type="u8*">
              <comment>point to data buffer</comment>
            </arg>   
            <desc>(Master mode)Send data to a device on the bus.</desc>
            <desc>This function implemented by polling TWI/I2C status, without using interrupt</desc>
          </comment>
        </func>
        <func name="void DrvTWI_MasterReceiveNI(u8 devAddr, u8 length, u8* ptbuf)" type="check">
          <comment>
            <return type="void"></return>
            <arg name="devAddr" type="u8">
              <comment>7bit device (I2C slave) address</comment>
            </arg>
            <arg name="length" type="u8">
              <comment>Expected data length for transfer</comment>
            </arg>
            <arg name="ptbuf" type="u8*">
              <comment>point to received data buffer</comment>
            </arg>
            <desc>(Master mode)Receive data from a device on the bus.</desc>
            <desc>This function implemented by polling TWI/I2C status, without using interrupt</desc>
          </comment>
        </func>
        <func name="emTWIState DrvTWI_GetStatus(void)" type="check">
          <comment>
            <return type="enTWIState">Get TWI/I2C current working status</return>
            <desc>The return state can be following enum definition:</desc>
            <desc>I2C_IDLE : Idle state</desc>
            <desc>I2C_BUSY : busy on bus transfer</desc>
            <desc>I2C_MASTER_TX : sending data in master mode</desc>
            <desc>I2C_MASTER_RX : receiving data in master mode</desc>
            <desc>I2C_SLAVE_TX : sending data in slave mode</desc>
            <desc>I2C_SLAVE_RX : receiving data in slave mode</desc>            
          </comment>
        </func>      
      </group>
      <inc path="">FSYSCLK.h</inc>
      <inc path="">DrvTWI.h</inc>
      <src path="">DrvTWI.c</src>
      <usr path=""></usr>
    </module>
    <module name="Timer/Counter 0" init="DrvTC0_Init" keys="tc0|tc|timer0|timer|pwm|help">
      <comment>Check to enable 8bit Timer/Counter 0 configuration</comment>
      <group name="configuration" type="macro">
        <feature name="Clock source select" type="option" macro="TC0_CS0">
          <option name="0x0 - no clock">stop timer/counter</option>
          <option name="0x1 - SYSCLK">using system clock as clock source</option>
          <option name="0x2 - SYSCLK/8">system clock divided by 8</option>
          <option name="0x3 - SYSCLK/64">system clock divided by 64</option>
          <option name="0x4 - SYSCLK/256">system clock divided by 256</option>
          <option name="0x5 - SYSCLK/1024">system clock divided by 1024</option>
          <option name="0x6 - falling edge of external T0">clock from external pin T0</option>
          <option name="0x7 - rising edge of external T0">clock from external pin T0</option>
          <comment>select clock source for timer/counter</comment>
        </feature>
        <feature name="Waveform generate mode" type="option" macro="TC0_WGM0">
          <option name="0x0 - NORMAL mode">normal mode, TOP overflow when counter to 0xFF</option>
          <option name="0x1 - PCPWM mode (TOP=0xFF)">phase correct PWM mode, TOP overflow when counter = 0xFF</option>
          <option name="0x2 - CTC mode (TOP=OCR0A)">clear timer on compare match, TOP overflow when counter = OCR0A</option>
          <option name="0x3 - FPWM mode (TOP=0xFF)">fast PWM mode, TOP overflow when counter = 0xFF</option>
          <option name="0x5 - PCPWM mode (TOP=OCR0A)">phase correct PWM mode, TOP overflow when counter = OCR0A</option>
          <option name="0x7 - FPWM mode (TOP=OCR0A)">fast PWM mode, TOP overflow when counter = OCR0A</option>
          <comment>configure waveform generate mode for compare-A/B</comment>
        </feature>
        <feature name="Compare(A) mode select" type="option" macro="TC0_COM0A">
          <option name="0x0 - disable comparator output"/>
          <option name="0x1 - toggle on compare match"/>
          <option name="0x2 - clear on compare match"/>
          <option name="0x3 - set on compare match"/>
          <comment>select compare output model for compare A</comment>
        </feature>     
        <feature name="Compare(B) mode select" type="option" macro="TC0_COM0B">
          <option name="0x0 - disable comparator output"/>
          <option name="0x1 - toggle on compare match"/>
          <option name="0x2 - clear on compare match"/>
          <option name="0x3 - set on compare match"/>
          <comment>select compare output model for compare B</comment>
        </feature>   
        <feature name="OC0A pin assignment" type="option" macro="TC0_OC0ASEL">
          <option name="0x0 - OC0A output to PD6"/>
          <option name="0x1 - OC0A output to PE4"/>
          <comment>select OC0A output to PE4 or PD6</comment>
        </feature>        
        <feature name="Value of counter register (TCNT0)" type="text" macro="TC0_TCNT0" default="0x00">
          <comment>given initial value for counter register (8bit) (TCNT0)</comment>
        </feature>          
        <feature name="Value of compare register (OCR0A)" type="text" macro="TC0_OCR0A" default="0x00">
          <comment>given value for output compare register (8bit) OCR0A</comment>
        </feature>
        <feature name="Value of compare register (OCR0B)" type="text" macro="TC0_OCR0B" default="0x00">
          <comment>given value for output compare register (8bit) OCR0B</comment>
        </feature>   
        <feature name="Enable OC0A output" type="check" macro="TC0_OC0AEN">
          <comment>check to enable pin OC0A used as compare output</comment>
        </feature>
        <feature name="Enable OC0B output" type="check" macro="TC0_OC0BEN">
          <comment>check to enbale pin OC0B used as compare output</comment>
        </feature>      
      </group>
      <group name="Interrupters" type="irq">
        <vector name="IVN_TC0_TOV" type="check" macro="TC0_TOV0EN">
          <comment>Enable Timer0 Overflow interrupt</comment>
        </vector>
        <vector name="IVN_TC0_OCA" type="check" macro="TC0_OCF0AEN">
          <comment>Enable Timer0 comparator-A match interrupt</comment>
        </vector>
        <vector name="IVN_TC0_OCB" type="check" macro="TC0_OCF0BEN">
          <comment>Enable Timer0 comparator-B match interrupt</comment>
        </vector>
      </group>
      <group name="API Configure" type="api">
        <func name="void DrvTC0_Stop()" type="check">
          <comment>Stop timer</comment>
        </func>
        <func name="void DrvTC0_Restart()" type="check">
          <comment>Start timer</comment>
          <comment>use to restart timer if it's stoped by DrvTC0_Stop()</comment>
        </func>
        <func name="void DrvTC0_SetCNT(u8 value)" type="check">
          <comment>Set/Reset counter register of timer 0</comment>
        </func>
        <func name="void DrvTC0_SetOCA(u8 value)" type="check">
          <comment>Set/Reset A-group compare register of timer 0</comment>
        </func>
        <func name="void DrvTC0_SetOCB(u8 value)" type="check">
          <comment>Set/Reset B-group compare register of timer 0</comment>
        </func>
        <func name="void DrvTC0_SetICP(u8 value)" type="check">
          <comment>Set/Reset input capture register of timer 0</comment>
        </func>
        <func name="u8 DrvTC0_GetCNT(void)" type="check">
          <comment>Get value of current counter register of timer 0</comment>
          <comment>This fucntion is interrupt-safe for 16bit operation</comment>
        </func>
        <func name="u8 DrvTC0_GetOCA(void)" type="check">
          <comment>Get value of A-group compare register of timer 0</comment>
        </func>
        <func name="u8 DrvTC0_GetOCB(void)" type="check">
          <comment>Get value of B-group compare register of timer 0</comment>
        </func>
      </group>
      <inc path="">DrvTC0.h</inc>
      <src path="">DrvTC0.c</src>
    </module>
    <module name="Timer/Counter 1" init="DrvTC1_Init" keys="tc1|tc|timer1|timer|pwm|help">
      <comment>Check to enable 8bit Timer/Counter 1 configuration</comment>
      <group name="configuration" type="macro">
        <feature name="Clock source select" type="option" macro="TC1_CS1">
          <option name="0x0 - no clock">stop timer/counter</option>
          <option name="0x1 - SYSCLK">using system clock as clock source</option>
          <option name="0x2 - SYSCLK/8">system clock divided by 8</option>
          <option name="0x3 - SYSCLK/64">system clock divided by 64</option>
          <option name="0x4 - SYSCLK/256">system clock divided by 256</option>
          <option name="0x5 - SYSCLK/1024">system clock divided by 1024</option>
          <option name="0x6 - falling edge of external T1">clock from external pin T0</option>
          <option name="0x7 - rising edge of external T1">clock from external pin T0</option>
          <comment>select clock source for timer/counter</comment>
        </feature>
        <feature name="Waveform generate mode" type="option" macro="TC1_WGM1">
          <option name="0x0 - NORMAL mode">normal mode</option>
          <option name="0x1 - 8bit PCPWM mode (TOP=0xFF)">phase correct PWM mode, TOP overflow when TOP = 0xFF</option>
          <option name="0x2 - 9bit PCPWM mode (TOP=0x1FF)">phase correct PWM mode, TOP overflow when TOP = 0x1FF</option>
          <option name="0x3 - 10bit PCPWM mode (TOP=0x3FF)">phase correct PWM mode, TOP overflow when TOP = 0x3F</option>
          <option name="0x4 - CTC mode (TOP=OCR1A)">clear timer on compare match, TOP overflow when TOP=OCR1A</option>
          <option name="0x5 - 8bit FPWM mode (TOP=0xFF)">fast PWM mode, TOP overflow when TOP = 0xFF</option>
          <option name="0x6 - 9bit FPWM mode (TOP=0x1FF)">fast PWM mode, TOP overflow when TOP = 0x1FF</option>
          <option name="0x7 - 10bit FPWM mode (TOP=0x3FF)">fast PWM mode, TOP overflow when TOP = 0x3FF</option>
          <option name="0x8 - PFCPWM mode (TOP=ICR1)">phase and frequency correct PWM mode, TOP overflow when TOP = ICR1</option>
          <option name="0x9 - PFCPWM mode (TOP=OCR1A)">phase and frequency correct PWM mode, TOP overflow when TOP = OCR1A</option>
          <option name="0xA - PCPWM mode (TOP=ICR1)">phase correct PWM mode, TOP overflow when TOP = ICR1</option>
          <option name="0xB - PCPWM mode (TOP=OCR1A)">phase correct PWM mode, TOP overflow when TOP = OCR1A</option>
          <option name="0xC - CTC mode (TOP=ICR1)">clear timer on compare match, TOP overflow when TOP=ICR1</option>
          <option name="0xE - FPWM mode (TOP=ICR1)">fast PWM mode, TOP overflow when TOP = ICR1</option>
          <option name="0xF - FPWM mode (TOP=OCR1A)">fast PWM mode, TOP overflow when TOP = OCR1A</option>
          <comment>configure waveform generate mode for compare-A/B</comment>
        </feature>
        <feature name="Compare(A) mode select" type="option" macro="TC1_COM1A">
          <option name="0x0 - disable comparator output"/>
          <option name="0x1 - toggle on compare match"/>
          <option name="0x2 - clear on compare match"/>
          <option name="0x3 - set on compare match"/>
          <comment>select compare output model for compare A</comment>
        </feature>     
        <feature name="Compare(B) mode select" type="option" macro="TC1_COM1B">
          <option name="0x0 - disable comparator output"/>
          <option name="0x1 - toggle on compare match"/>
          <option name="0x2 - clear on compare match"/>
          <option name="0x3 - set on compare match"/>
          <comment>select compare output model for compare B</comment>
        </feature>   
        <feature name="Input capture edge select" type="option" macro="TC1_ICES1">
          <option name="0x0 - falling edge is used as trigger"/>
          <option name="0x1 - rising edge is used as trigger"/>
        </feature>
        <feature name="Noise canceler for input capture" type="check" macro="TC1_ICNC1">
          <comment>check to enable noise canceler for trigger input of capture module</comment>
        </feature>
        <feature name="Enable OC1A output" type="check" macro="TC1_OC1AEN">
          <comment>check to enable pin OC1A used as compare output</comment>
        </feature>
        <feature name="Enable OC1B output" type="check" macro="TC1_OC1BEN">
          <comment>check to enbale pin OC1B used as compare output</comment>
        </feature>
        <feature name="Value of compare register (OCR1A)" type="text" macro="TC1_OCR1A" default="0x0000">
          <comment>given value for output compare register (16bit) OCR1A</comment>
        </feature>
        <feature name="Value of compare register (OCR1B)" type="text" macro="TC1_OCR1B" default="0x0000">
          <comment>given value for output compare register (16bit) OCR1B</comment>
        </feature>
        <feature name="Value of capture register (ICR1)" type="text" macro="TC1_ICR1" default="0x0000">
          <comment>given value for input capture register (16bit) ICR1</comment>
        </feature>
        <feature name="Value of counter register (TCNT1)" type="text" macro="TC1_TCNT1" default="0x0000">
          <comment>given initial value for counter register (16bit) (TCNT1)</comment>
        </feature>
      </group>
      <group name="Interrupters" type="irq">
        <vector name="IVN_TC1_TOV" type="check" macro="TC1_TOV1EN">
          <comment>Enable Timer1 Overflow interrupt</comment>
        </vector>
        <vector name="IVN_TC1_OCA" type="check" macro="TC1_OCF1AEN">
          <comment>Enable Timer1 comparator-A match interrupt</comment>
        </vector>
        <vector name="IVN_TC1_OCB" type="check" macro="TC1_OCF1BEN">
          <comment>Enable Timer1 comparator-B match interrupt</comment>
        </vector>
        <vector name="IVN_TC1_ICP" type="check" macro="TC1_ICP1EN">
          <comment>Enable Timer1 input capture match interrupt</comment>
        </vector>
      </group>
      <group name="API Configure" type="api">
        <func name="void DrvTC1_Stop()" type="check">
          <comment>Stop timer</comment>
        </func>
        <func name="void DrvTC1_Restart()" type="check">
          <comment>Start timer</comment>
          <comment>use to restart timer if it's stoped by DrvTC1_Stop()</comment>
        </func>
        <func name="void DrvTC1_SetCNT(u16 value)" type="check">
          <comment>Set/Reset counter register of timer 1</comment>
          <comment>This fucntion is interrupt-safe for 16bit operation</comment>
        </func>
        <func name="void DrvTC1_SetOCA(u16 value)" type="check">
          <comment>Set/Reset A-group compare register of timer 1</comment>
          <comment>This fucntion is interrupt-safe for 16bit operation</comment>
        </func>
        <func name="void DrvTC1_SetOCB(u16 value)" type="check">
          <comment>Set/Reset B-group compare register of timer 1</comment>
          <comment>This fucntion is interrupt-safe for 16bit operation</comment>
        </func>
        <func name="void DrvTC1_SetICR(u16 value)" type="check">
          <comment>Set/Reset input capture register of timer 1</comment>
          <comment>This fucntion is interrupt-safe for 16bit operation</comment>
        </func>
        <func name="u16 DrvTC1_GetCNT(void)" type="check">
          <comment>Get value of current counter register of timer 1</comment>
          <comment>This fucntion is interrupt-safe for 16bit operation</comment>
        </func>
        <func name="u16 DrvTC1_GetOCA(void)" type="check">
          <comment>Get value of A-group compare register of timer 1</comment>
          <comment>This fucntion is interrupt-safe for 16bit operation</comment>
        </func>
        <func name="u16 DrvTC1_GetOCB(void)" type="check">
          <comment>Get value of B-group compare register of timer 1</comment>
          <comment>This fucntion is interrupt-safe for 16bit operation</comment>
        </func>
        <func name="u16 DrvTC1_GetICR(void)" type="check">
          <comment>Get value of input capture register of timer 1</comment>
          <comment>This fucntion is interrupt-safe for 16bit operation</comment>
        </func>
      </group>
      <inc path="">FSYSCLK.h</inc>
      <inc path="">DrvMISC.h</inc>
      <inc path="">DrvTC1.h</inc>
      <src path="">DrvTC1.c</src>
      <src path="">DrvMISC.c</src>
    </module>
    <module name="Timer/Counter 2" init="DrvTC2_Init" keys="tc2|tc|timer2|timer|pwm|help">
      <comment>Check to enable 8bit Timer/Counter 0 configuration</comment>
      <group name="configuration" type="macro">
        <feature name="Timer2 Mode select" type="option" macro="TC2_MODE">
          <option name="0x0 - Synchronous mode">Timer2 controller and counter using same system clock</option>
          <option name="0x1 - Asynchronous mode">Timer2 controller using system clock, but counter clocked by external crystal</option>
          <comment>select Timer2 working mode</comment>
        </feature>        
        <feature name="Clock source select" type="option" macro="TC2_CS2">
          <option name="0x0 - no clock">stop timer/counter</option>
          <option name="0x1 - T2CLK">counter clock with no divider</option>
          <option name="0x2 - T2CLK/8">counter clock divided by 8</option>
          <option name="0x3 - T2CLK/64">counter clock divided by 64</option>
          <option name="0x4 - T2CLK/256">counter clock divided by 256</option>
          <option name="0x5 - T2CLK/1024">counter clock divided by 1024</option>
          <comment>select clock divider for timer/counter</comment>
          <comment>T2CLK = SYSCLK in sync. mode, T2CLK = Fosc (external crystal) in async. mode</comment>
        </feature>
        <feature name="Waveform generate mode" type="option" macro="TC2_WGM2">
          <option name="0x0 - NORMAL mode">normal mode</option>
          <option name="0x1 - PCPWM mode (TOP=0xFF)">phase correct PWM mode, TOP overflow when TOP = 0xFF</option>
          <option name="0x2 - CTC mode (TOP=OCR2A)">clear timer on compare match, TOP overflow when TOP=OCR2A</option>
          <option name="0x3 - FPWM mode (TOP=0xFF)">fast PWM mode, TOP overflow when TOP = 0xFF</option>
	  <option name="0x5 - PCPWM mode (TOP=OCR2A)">phase correct PWM mode, TOP overflow when TOP = OCR2A</option>
          <option name="0x7 - FPWM mode (TOP=OCR2A)">fast PWM mode, TOP overflow when TOP = OCR2A</option>
          <comment>configure waveform generate mode for compare-A/B</comment>
        </feature>
        <feature name="Compare(A) mode select" type="option" macro="TC2_COM2A">
          <option name="0x0 - disable comparator output"/>
          <option name="0x1 - toggle on compare match"/>
          <option name="0x2 - clear on compare match"/>
          <option name="0x3 - set on compare match"/>
          <comment>select compare output model for compare A</comment>
        </feature>     
        <feature name="Compare(B) mode select" type="option" macro="TC2_COM2B">
          <option name="0x0 - disable comparator output"/>
          <option name="0x1 - toggle on compare match"/>
          <option name="0x2 - clear on compare match"/>
          <option name="0x3 - set on compare match"/>
          <comment>select compare output model for compare B</comment>
        </feature>          
        <feature name="Enable OC2A output" type="check" macro="TC2_OC2AEN">
          <comment>check to enable pin OC2A used as compare output</comment>
        </feature>
        <feature name="Enable OC2B output" type="check" macro="TC2_OC2BEN">
          <comment>check to enbale pin OC2B used as compare output</comment>
        </feature>
        <feature name="Value of compare register (OCR2A)" type="text" macro="TC2_OCR2A" default="0x00">
          <comment>given value for output compare register (8bit) OCR2A</comment>
        </feature>
        <feature name="Value of compare register (OCR2B)" type="text" macro="TC2_OCR2B" default="0x00">
          <comment>given value for output compare register (8bit) OCR2B</comment>
        </feature>
        <feature name="Value of counter register (TCNT2)" type="text" macro="TC2_TCNT2" default="0x00">
          <comment>given initial value for counter register (8bit) (TCNT2)</comment>
        </feature>
      </group>
      <group name="Interrupters" type="irq">
        <vector name="IVN_TC2_TOV" type="check" macro="TC2_TOV2EN">
          <comment>Enable Timer2 Overflow interrupt</comment>
        </vector>
        <vector name="IVN_TC2_OCA" type="check" macro="TC2_OCF2AEN">
          <comment>Enable Timer2 comparator-A match interrupt</comment>
        </vector>
        <vector name="IVN_TC2_OCB" type="check" macro="TC2_OCF2BEN">
          <comment>Enable Timer2 comparator-B match interrupt</comment>
        </vector>
      </group>
      <group name="API Configure" type="api">
        <func name="void DrvTC2_Stop()" type="check">
          <comment>Stop timer</comment>
        </func>
        <func name="void DrvTC2_Restart()" type="check">
          <comment>Start timer</comment>
          <comment>use to restart timer if it's stoped by DrvTC2_Stop()</comment>
        </func>
        <func name="void DrvTC2_SetCNT(u8 value)" type="check">
          <comment>Set/Reset counter register of timer 2</comment>
        </func>
        <func name="void DrvTC2_SetOCA(u8 value)" type="check">
          <comment>Set/Reset A-group compare register of timer 2</comment>
        </func>
        <func name="void DrvTC2_SetOCB(u8 value)" type="check">
          <comment>Set/Reset B-group compare register of timer 2</comment>
        </func>
        <func name="u8 DrvTC2_GetCNT(void)" type="check">
          <comment>Get value of current counter register of timer 2</comment>
          <comment>This fucntion is interrupt-safe for 16bit operation</comment>
        </func>
        <func name="u8 DrvTC2_GetOCA(void)" type="check">
          <comment>Get value of A-group compare register of timer 2</comment>
        </func>
        <func name="u8 DrvTC2_GetOCB(void)" type="check">
          <comment>Get value of B-group compare register of timer 2</comment>
        </func>
      </group>
      <inc path="">DrvTC2.h</inc>
      <src path="">DrvTC2.c</src>
    </module>        
    <module name="ADC Module" init="DrvADC_Init" keys="adc|ad|analog|ana">
      <comment>Check to enable ADC module configuration</comment>
      <group name="configuration" type="macro">
        <feature name="ADC Reference Voltage" type="option" macro="ADC_REFS">
          <option name="0x0 - Using VREF"/>
          <option name="0x1 - Using VCC"/>
          <option name="0x2 - Internal 2.56V"/>
          <option name="0x3 - Internal 1.25V"/>
        </feature>
        <feature name="ADC clock divder" type="option" macro="ADC_ADPS">
          <option name="0x1 - SYSCLK/2"/>
          <option name="0x2 - SYSCLK/4"/>
          <option name="0x3 - SYSCLK/8"/>
          <option name="0x4 - SYSCLK/16"/>
          <option name="0x5 - SYSCLK/32"/>
          <option name="0x6 - SYSCLK/64"/>
          <option name="0x7 - SYSCLK/128"/>
        </feature>
        <feature name="ADC data alignment" type="option" macro="ADC_ADLAR">
          <option name="0x0 - right adjust"/>
          <option name="0x1 - left adjust"/>
          <comment>ADC output 12bit data, we can adjust it to align with 16bit's high or low byte</comment>
        </feature>
        <feature name="ADC default channel" type="option" macro="ADC_CHMUX">
          <option name="0x0 - ADC0(PC0)"/>
          <option name="0x1 - ADC1(PC1)"/>
          <option name="0x2 - ADC2(PC2)"/>
          <option name="0x3 - ADC3(PC3)"/>
          <option name="0x4 - ADC4(PC4)"/>
          <option name="0x5 - ADC5(PC5)"/>
          <option name="0x6 - ADC6(PE1)"/>
          <option name="0x7 - ADC7(PE3)"/>
          <option name="0x8 - VCC/4">Power supply monitor</option>
          <option name="0xD - Output of OPA0"/>
          <option name="0xE - Internal Voltage reference">using internal reference as ADC input</option>
          <option name="0xF - GND">system ground level</option>
          <comment>This channel will be selected after initilization</comment>
        </feature>
        <feature name="ADC auto trigger enable" type="check" macro="ADC_ADATEN">
          <comment>The first convert of auto-trigger should be started using "DrvADC_softStart"</comment>
        </feature>
        <feature name="ADC trigger source select" type="option" macro="ADC_ADTS" enable="dep::ADC_ADATEN:1">
          <option name="0x0 - free-running mode">auto start after pervious convert cycle</option>
          <option name="0x1 - AC comparator"/>
          <option name="0x2 - exnternal interrupt 0"/>
          <option name="0x3 - TC0 compare match"/>
          <option name="0x4 - TC0 overflow"/>
          <option name="0x5 - TC1 compare match B"/>
          <option name="0x6 - TC1 overflow"/>
          <option name="0x7 - TC1 capture event"/>
          <comment>Select source will used to trigger ADC convert</comment>
        </feature>
        <feature name="Select extenal channels which will be used" type="cklist" macro="null">
          <list name="ADCHX">
            <check name="ADC0" macro="ADC_DIDR00">external input channel 0 of ADC</check>
            <check name="ADC1" macro="ADC_DIDR01">external input channel 1 of ADC</check>
            <check name="ADC2" macro="ADC_DIDR02">external input channel 2 of ADC</check>
            <check name="ADC3" macro="ADC_DIDR03">external input channel 3 of ADC</check>
            <check name="ADC4" macro="ADC_DIDR04">external input channel 4 of ADC</check>
            <check name="ADC5" macro="ADC_DIDR05">external input channel 5 of ADC</check>
            <check name="ADC6" macro="ADC_DIDR06">external input channel 6 of ADC</check>
            <check name="ADC7" macro="ADC_DIDR07">external input channel 7 of ADC</check>
          </list>
        </feature>
      </group>
      <group name="Interrupters" type="irq">
        <vector name="IVN_ADC" macro="ADC_ADIE">
          <comment>Enable ADC Convert complete interrupt</comment>
        </vector>
      </group>
      <group name="API Configure" type="api">
        <func name="void DrvADC_enableADC(void)" type="check">
          <comment>Enable ADC module</comment>
        </func>
        <func name="void DrvADC_disableADC(void)" type="check">
          <comment>Disable and power down ADC module</comment>
        </func>
        <func name="void DrvADC_softStart(void)" type="check">
          <comment>Start ADC converting manually (by software)</comment>
        </func>
        <func name="void DrvADC_setChannel(emChnMux chnMux)" type="check">
          <comment>
            <arg name="chnMux" type="enum">
              <comment>set current channel of ADC:</comment>
              <option name="E_CHMUX_ADC0">select ADC0(PC0)</option>
              <option name="E_CHMUX_ADC1">select ADC1(PC1)</option>
              <option name="......"></option>
              <option name="E_CHMUX_ADC7">select ADC7(PE3)</option>
              <option name="E_CHMUX_BTM">Battery power monitor (VCC/4)</option>
              <option name="E_CHMUX_OPA0">select output of OPA0</option>
              <option name="E_CHMUX_IVREF">select internal Voltage reference</option>
              <option name="E_CHMUX_GND">select system ground level to ADC</option>
            </arg>
            <desc>Set current channel for ADC, e.g DrvADC_setChannel(E_CHMUX_ADC0)</desc>
          </comment>
        </func>
        <func name="u16 DrvADC_readData(void)" type="check">
          <comment>Read converted data of current channel</comment>
        </func>
        <func name="u16 DrvADC_readDataEx(u8 fltCount)" type="check">
          <comment>
            <return type="u16">ADC data (averaged)</return>
            <arg name="fltCount" type="u8">
              <comment>oversample count, 0 for no filter</comment>
            </arg>
            <desc>Read current channel with oversample filter</desc>
          </comment>
        </func>        
        <func name="u16 DrvADC_readChannel(emChnMux chnMux)" type="check">
          <comment>
            <return type="u16">converted ADC data</return>
            <arg name="chnMux" type="enum">
              <comment>channel for coverting:</comment>
              <option name="E_CHMUX_ADC0">select ADC0(PC0)</option>
              <option name="E_CHMUX_ADC1">select ADC1(PC1)</option>
              <option name="......"></option>
              <option name="E_CHMUX_ADC7">select ADC7(PE3)</option>
              <option name="E_CHMUX_BTM">Battery power monitor (VCC/4)</option>
              <option name="E_CHMUX_OPA0">select output of OPA0</option>
              <option name="E_CHMUX_IVREF">select internal Voltage reference</option>
              <option name="E_CHMUX_GND">select system ground level to ADC</option>
            </arg>
            <desc>read ADC data from a given channel</desc>
          </comment>
        </func>
        <func name="u16 DrvADC_readChannelEx(u8 fltCount, emChnMux chnMux)" type="check">
          <comment>
            <return type="u16">ADC data (averaged)</return>
            <arg name="fltCount" type="u8">
              <comment>oversample count, 0 for no filter</comment>
            </arg>
            <arg name="chnMux" type="enum">
              <comment>channel for coverting:</comment>
              <option name="E_CHMUX_ADC0">select ADC0(PC0)</option>
              <option name="E_CHMUX_ADC1">select ADC1(PC1)</option>
              <option name="......"></option>
              <option name="E_CHMUX_ADC7">select ADC7(PE3)</option>
              <option name="E_CHMUX_BTM">Battery power monitor (VCC/4)</option>
              <option name="E_CHMUX_OPA0">select output of OPA0</option>
              <option name="E_CHMUX_IVREF">select internal Voltage reference</option>
              <option name="E_CHMUX_GND">select system ground level to ADC</option>
            </arg>
            <desc>Read from given channel with oversample filter</desc>
          </comment>
        </func>
      </group>
      <src path="">DrvADC.c</src>
      <inc path="">DrvADC.h</inc>
    </module>
    <module name="Analog Comparator" init="DrvAC_Init" keys="ac|analog|help">
      <comment>Check to enable analog comparator</comment>
      <group name="configuration" type="macro">
        <feature name="AC positive input source (AC+)" type="option" macro="AC_ACBG">
          <option name="0x0 - external AIN0 (PD6)"/>
          <option name="0x1 - internal voltage reference"/>
          <comment>Select the input source for positive port of Analog comparator</comment>
        </feature>
        <feature name="AC negative input source (AC-)" type="option" macro="AC_ACME">
          <option name="0x0 - Select ADC0 to negative input"/>
          <option name="0x1 - Select ADC1 to negative input"/>
          <option name="0x2 - Select ADC2 to negative input"/>
          <option name="0x3 - Select ADC3 to negative input"/>
          <option name="0x4 - Select ADC4 to negative input"/>
          <option name="0x5 - Select ADC5 to negative input"/>
          <option name="0x6 - Select ADC6 to negative input"/>
          <option name="0x7 - Select ADC7 to negative input"/>
          <option name="0x8 - Select AIN1(PD7) to negative input"/>
          <comment>Select the input source for negative port of Analog comparator</comment>
        </feature>        
        <feature name="Using AC for ICP of Timer1" type="check" macro="AC_ACIC">
          <comment>Check to use AC's output as source of input capture of Timer1</comment>
          <comment>Uncheck to keep using external ICP1 for capture source of Timer1</comment>
        </feature>
      </group>
      <group name="Interrupters" type="irq">
        <vector name="IVN_ACP" macro="AC_ACIEN">
          <comment>Enable AC interrupt</comment>
          <feature name="AC Interrupt mode select" type="option" macro="AC_ACIS">
            <option name="0x0 - any edge of AC compare output"/>
            <option name="0x2 - falling edge of AC compare output"/>
            <option name="0x3 - rising edge of AC compare output"/>
            <comment>Select the output change mode to generate interrupt</comment>
          </feature>
        </vector>
      </group>
      <group name="API Configure" type="api">
        <func name="void DrvAC_Stop(void)" type="check">
          <comment>Disable/Stop AC module</comment>
        </func>
        <func name="void DrvAC_Start(void)" type="check">
          <comment>Enable/Start AC module</comment>
        </func>
      </group>
      <inc path="">DrvAC.h</inc>
      <src path="">DrvAC.c</src>
    </module>    
    <module name="Watch Dog Timer" init="DrvWDT_Init">
      <comment>Check to enable Watch Dog Timer(WDT)</comment>
      <comment>WDT module clocked by internal 16MHz/RC divided by 8, so 2MHz.</comment>
      <comment>WDT can be configured to generate timeout period from 1ms to 512ms</comment>
      <group name="configuration" type="macro">
        <feature name="WDT clock source select" type="option" macro="WDT_WCLKS">
          <option name="0x0 - WDT clocked by RC32M/16">Using internal 32MHz RC divided by 16 (2MHz) for WDT</option>
          <option name="0x1 - WDT clocked by 32KHz RC">Using internal 32KHz RC for WDT</option>
          <comment>Watch dog clock source select</comment>
        </feature>
        <feature name="WDT working mode" type="option" macro="WDT_MODE">
          <option name="0x0 - WDT stopped"/>
          <option name="0x1 - timeout for interrupt only">please enable WDT interrupt to generate server routine</option>
          <option name="0x2 - timeout for system reset only"/>
          <option name="0x3 - timeout for both interrupt and reset">please WDT enable interrupt to generte server routine</option>
          <comment>Watch dog working mode select</comment>
        </feature>        
        <feature name="WDT timeout period selection" type="option" macro="WDT_WDP">
          <option name="0x0 - 2K cycles">count for 2k WDT clock cycle</option>
          <option name="0x1 - 4K cycles">count for 4k WDT clock cycle</option>
          <option name="0x2 - 8K cycles">count for 8k WDT clock cycle</option>
          <option name="0x3 - 16K cycles">count for 16k WDT clock cycle</option>
          <option name="0x4 - 32K cycles">count for 32k WDT clock cycle</option>
          <option name="0x5 - 64K cycles">count for 64k WDT clock cycle</option>
          <option name="0x6 - 128K cycles">count for 128k WDT clock cycle</option>
          <option name="0x7 - 256K cycles">count for 256k WDT clock cycle</option>
          <option name="0x8 - 512K cycles">count for 512k WDT clock cycle</option>
          <option name="0x9 - 1KK cycles">count for 1kk WDT clock cycle</option>
          <comment>WDT timeout period selection</comment>
        </feature>
      </group>
      <group name="Interrupters" type="irq">
        <vector name="IVN_WDT" macro="WDT_IEN" check="dep::WDT_MODE:0x1|0x3">
          <comment>Enable WDT interrupt</comment>
        </vector>
      </group>
      <group name="API Configure" type="api">
        <func name="void DrvWDT_WDR(void)" type="check">
          <comment>Watch dog reset. There also another global macro: WDR() for same function</comment>
        </func>        
      </group>     
      <inc path="">DrvWDT.h</inc>
      <src path="">DrvWDT.c</src>
    </module>
    <module name="Low Votage Reset" init="DrvLVR_Init" keys="lvr|lvd|vdt|por|help">
      <comment>Check to enable low voltage reset circuit</comment>
      <comment>LVR is used to monitor power supply and keep reset system if system power drop down to limited level.</comment>
      <group name="configuration" type="macro">
        <feature name="Voltage threhold select" type="option" macro="LVR_VDTS">
          <option name="0x0 - 1.8V threhold">LVR will issue system reset when VCC drop down 1.8V</option>
          <option name="0x1 - 2.7V threhold">LVR will issue system reset when VCC drop down 2.7V</option>
          <option name="0x2 - 4.3V threhold">LVR will issue system reset when VCC drop down 4.3V</option>
          <comment>LVR threhold select</comment>
        </feature>
      </group>
      <group name="API Configure" type="api">
        <func name="void DrvLVR_Enable(void)" type="check">
          <comment>Enable LVR module</comment>
        </func>
        <func name="void DrvLVR_Disable(void)" type="check">
          <comment>Disable LVR module</comment>
        </func>
        <func name="void DrvLVR_SetVDTS(emVDTS vdts)" type="check">
          <comment>
            <return type="void"></return>
            <arg name="vdts" type="enum">
              <comment>Set voltage threhold for LVR:</comment>
              <option name="E_LVR_V1D8">1.8V threhold</option>
              <option name="E_LVR_V2D7">2.7V threhold</option>
              <option name="E_LVR_V4D3">4.3V threhold</option>
            </arg>
            <desc>Set voltage threhold to tigger system reset, e.g, DrvLVR_SetVDTS(E_LVR_V2D7)</desc>
          </comment>
        </func>      
      </group>
      <inc path="">DrvLVR.h</inc>
      <src path="">DrvLVR.c</src>
    </module>
    <module name="EEPROM Module" init="DrvEEPROM_Init" keys="eeprom|e2prom|flash|isp|help">
      <comment>Check to include EEPROM/FLASH related functions</comment>
      <group name="configuration" type="macro">
        <feature name="EEPROM Size Configure" type="option" macro="EEPROM_EESZ">
          <option name="0x0 - 1KB">1KB EEPROM, 30KB Program FLASH</option>
          <option name="0x1 - 2KB">2KB EEPROM, 28KB Program FLASH</option>
          <option name="0x2 - 4KB">4KB EEPROM, 24KB Program FLASH</option>
          <option name="0x3 - 8KB">8KB EEPROM, 16KB Program FLASH</option>
          <comment>Set the size of EEPROM shared with program flash.</comment>
        </feature>
        <feature name="Enable EEPROM Half Word function" type="check" macro="EEPROM_HWORD_EN">
          <comment>Check to include E2PROM half word (16bit) write function</comment>
        </feature>
        <feature name="Enable EEPROM Word function" type="check" macro="EEPROM_WORD_EN">
          <comment>Check to include E2PROM half word (32bit) write function</comment>
        </feature>        
        <feature name="Enable Flash ISP function" type="check" macro="FLASH_ISPAPI_EN">
          <comment>Check to include function for FLASH ISP</comment>
        </feature>        
      </group>
      <group name="EEPROM Read/Write API" type="api">
         <func name="void DrvEEPROM_ProgByte(u16 u16Addr, u8 u8Data)" type="check">
          <comment>
            <return type="void"></return>
            <arg name="u16Addr" type="u16">
              <comment>Target address</comment>
            </arg>
            <arg name="u8Data" type="u8">
              <comment>Byte data for programming to EEPROM</comment>
            </arg>
            <desc>Program EEPROM in byte mode</desc>
          </comment>
        </func>    
         <func name="u8 DrvEEPROM_ReadByte(u16 u16Addr)" type="check">
          <comment>
            <return type="u8">Byte read from EEPROM on specified address</return>
            <arg name="u16Addr" type="u16">
              <comment>Target address</comment>
            </arg>
            <desc>Read data from EEPROM in byte mode</desc>
          </comment>
        </func>
         <func name="void DrvEEPROM_ProgHWord(u16 u16Addr, u16 u16Data)" type="check">
          <comment>
            <return type="void"></return>
            <arg name="u16Addr" type="u16">
              <comment>Target address</comment>
            </arg>
            <arg name="u16Data" type="u16">
              <comment>Half word (16bit) data for programming to EEPROM</comment>
            </arg>
            <desc>Program 16bit data to EEPROM</desc>
          </comment>
        </func>     
      </group>
      <group name="FLASH/ISP API" type="api">
        <func name="void DrvFLASH_ProgData(u16 u16Addr, u16 u16Len, u16 *pu16Data)" type="check">
          <comment>
            <return type="void"></return>
            <arg name="u16Addr" type="u16">
              <comment>Start address for programming</comment>
            </arg>
            <arg name="u16Len" type="u16">
              <comment>Data Length in 16bit aligned</comment>
            </arg>
            <arg name="pu16Data" type="u16*">
              <comment>Point to source data</comment>
            </arg>
            <desc>Program FLASH in Word(16bit) aligned mode</desc>
          </comment>
        </func>  
        <func name="void DrvFLASH_ErasePage(u16 u16Addr)" type="check">
          <comment>
            <return type="void"></return>
            <arg name="u16Addr" type="u16">
              <comment>Page aligned (1KBytes) address to specify target page.&#xA;u16Addr[9:0] must be 0x00</comment>
            </arg>
            <desc>Erase FLASH in page (1KBytes) aligned mode</desc>
          </comment>
        </func>  
         <func name="void DrvFLASH_ReadData(u16 u16Addr, u16 u16Len, u16 *pu16Data)" type="check">
          <comment>
            <return type="void"></return>
            <arg name="u16Addr" type="u16">
              <comment>Start address for reading</comment>
            </arg>
            <arg name="u16Len" type="u16">
              <comment>Data Length in 16bit aligned</comment>
            </arg>
            <arg name="pu16Data" type="u16*">
              <comment>Point to buffer to receive data</comment>
            </arg>
            <desc>Read FLASH in Word(16bit) aligned mode</desc>
          </comment>
        </func>       
      </group>
      <inc path="">FSYSCLK.h</inc>
      <inc path="">DrvMISC.h</inc>
      <inc path="">DrvEEPROM.h</inc>
      <src path="">DrvEEPROM.c</src>
      <src path="">DrvMISC.c</src>
    </module>
    <module name="Miscellany" keys="delay|misc|guid|swd|help">
      <comment>Check to include miscellany help functions</comment>
      <group name="API Configure" type="api">
        <func name="void DrvMISC_Delayus(u16 us)" type="check">
          <comment>us level software delay, can also used by its alias name: delayus(us)</comment>
        </func>
        <func name="void DrvMISC_Delayms(u16 ms)" type="check">
          <comment>ms level software delay, can also used by its alias name: delayms(ms)</comment>
        </func>
        <func name="void DrvMISC_SetSWDD()" type="check">
          <comment>Disable SWD debug interface</comment>
        </func>
        <func name="void DrvMISC_SetPUD()" type="check">
          <comment>Global I/O pull-up disable</comment>
        </func>
        <func name="void DrvMISC_ClearResetFlags()" type="check">
          <comment>Clear reset flags, should be used after you have read those flags</comment>
        </func>
        <func name="void DrvMISC_SoftReset()" type="check">
          <comment>Reset system by software, except on chip debug unit</comment>
        </func>
        <func name="u8 DrvMISC_GetResetFlags()" type="check">
          <comment>Read system reset flags.</comment>
          <comment>This is a macro definition, just return MCUSR register value</comment>
          <comment>Here is all the reset flags definition:</comment>
          <comment> MCUSR[0] : power on reset flag</comment>
          <comment> MCUSR[1] : external reset flag</comment>
          <comment> MCUSR[2] : low voltage reset flag</comment>
          <comment> MCUSR[3] : watch dog reset flag</comment>
          <comment> MCUSR[5] : reset from power/off mode</comment>
        </func>
        <func name="u8 DrvMISC_GetPORResetFlag()" type="check">
          <comment>Get power on reset flags</comment>
          <comment>return 1 if system reset from power on</comment>
        </func>
        <func name="u8 DrvMISC_GetExtResetFlag()" type="check">
          <comment>Get external reset flags</comment>
          <comment>return 1 if system reset by external RESETN</comment>
        </func>
        <func name="u8 DrvMISC_GetWDTResetFlag()" type="check">
          <comment>Get watch dog reset flags</comment>
          <comment>return 1 if system reset by wdt overflow</comment>
        </func>
        <func name="u8 DrvMISC_GetLVRResetFlag()" type="check">
          <comment>Get software reset flags</comment>
          <comment>return 1 for system reset by software</comment>
        </func>
        <func name="u8 DrvMISC_GetPDRFResetFlag()" type="check">
          <comment>Get reset from power/off mode flags</comment>
          <comment>return 1 for system reset by wake up from power/off mode</comment>
        </func>        
        <func name="u8 DrvMISC_GetGUID3()" type="check">
          <comment>Get GUID byte 3</comment>
        </func>
        <func name="u8 DrvMISC_GetGUID2()" type="check">
          <comment>Get GUID byte 2</comment>
        </func>
        <func name="u8 DrvMISC_GetGUID1()" type="check">
          <comment>Get GUID byte 1</comment>
        </func>
        <func name="u8 DrvMISC_GetGUID0()" type="check">
          <comment>Get GUID byte 0</comment>
        </func>
        <func name="u8 DrvMISC_CLRI()" type="check">
          <comment>Disable global interrupt and store it for next recovery by DrvMISC_RESI()</comment>
          <comment>This function is useful for code region to avoid interrupted</comment>
          <comment>this function should be used with DrvMISC_RESI()</comment>
        </func>
        <func name="u8 DrvMISC_RESI()" type="check">
          <comment>Restore global interrupt which cleared by DrvMISC_CLRI()</comment>
          <comment>This function is useful for code region to avoid interrupted</comment>
          <comment>this function should be used with DrvMISC_CLRI()</comment>
        </func>
        <func name="u8 DrvMISC_GetBGR()" type="check">
          <comment>Get calibrated value of internal 1.25V voltage reference</comment>
          <comment>e.g bgr = DrvMISC_GetGBR(); then use (bgr/100) as voltage reference</comment>
        </func>
      </group>
      <inc path="">FSYSCLK.h</inc>
      <inc path="">DrvMISC.h</inc>
      <src path="">DrvMISC.c</src>
    </module>   
  </device>
  <project name="Project">
    <module name="Demos">
      <comment></comment>     
      <group name="Demo projects" type="demo" path="demo">
        <!--contents coming from demo.xml-->
      </group>
    </module>
    <module name="Settings">
      <comment></comment>
      <group name="IDE Settings" type="ids" path="ide">
        <!--contents from ide template-->
      </group>
    </module>    
  </project> 
</sdk>
