﻿<?xml version="1.0" encoding="utf-8" ?>
<res device="LGT8F328P">
  <common>
    <chip>atmega328p</chip>
    <id>m328p</id>
    <cld>__AVR_ATmega328P__;__AVR_ARCH__=4</cld>
  </common>
  <ICCAVR>
    <chip>ATMega328P</chip>
    <cld>ATMega328P</cld>
    <hasmul>true</hasmul>
    <longjmp>true</longjmp>
    <eninst>Enhanced</eninst>
    <fsize>0x8000</fsize>
    <funclit>0xc8.0x8000</funclit>
    <ramend>0x8ff</ramend>
    <data>0x100.0x8ff</data>
    <hwstksize>30</hwstksize>
    <eeprom>0.1024</eeprom>
  </ICCAVR>
  <IARAVR>
    <enhanced>1</enhanced>
    <varmem>1</varmem>
    <flash64k>0</flash64k>
    <db64b>0</db64b>
    <hpsz>0x10</hpsz>
    <stksz>0x80</stksz>
    <rstksz>16</rstksz>
    <initrti>1</initrti>
    <e2psz>1024</e2psz>
    <nvp>93</nvp>
    <tyhpsz>0x10</tyhpsz>
    <nrhpsz>0x20</nrhpsz>
    <frhpsz>0x1000</frhpsz>
    <hghpsz>0x1000</hghpsz>
    <nomul>0</nomul>
    <optss>0</optss>
    <optlvl>4</optlvl>
    <xclov>0</xclov>
    <chipxcl>$TOOLKIT_DIR$\src\template\cfgm328p.xcl</chipxcl>
    <ddfov>0</ddfov>
    <chipddf>$TOOLKIT_DIR$\Config\iom328p.ddf</chipddf>
  </IARAVR>
</res>
