﻿<?xml version="1.0" encoding="utf-8" ?>
<project name="SimpleTimer1">
  <device name="LGT8F88A">
    <module name="Timer/Counter 1" init="DrvTC1_Init">
      <group name="configuration" type="macro">
        <feature macro="TC1_CS1">0x1 - SYSCLK</feature>
        <feature macro="TC1_WGM1">0x4 - CTC mode (TOP=OCR1A)</feature>
        <feature macro="TC1_COM1A">0x1 - toggle on compare match</feature>
        <feature macro="TC1_COM1B">0x1 - toggle on compare match</feature>
        <feature macro="TC1_ICES1">0x0 - falling edge is used as trigger</feature>
        <feature macro="TC1_ICNC1">0</feature>
        <feature macro="TC1_OC1AEN">1</feature>
        <feature macro="TC1_OC1BEN">1</feature>
        <feature macro="TC1_OCR1A">0x55</feature>
	<feature macro="TC1_OCR1B">0x44</feature>
        <feature macro="TC1_ICR1">0x0000</feature>
        <feature macro="TC1_TCNT1">0x0000</feature>
      </group>
      <group name="Interrupters" type="irq">
	<vector name="IVN_TC1_TOV" macro="TC1_TOV1EN" enable="0"/>
	<vector name="IVN_TC1_OCA" macro="TC1_OCF1AEN" enable="0"/>
	<vector name="IVN_TC1_OCB" macro="TC1_OCF1BEN" enable="0"/>
	<vector name="IVN_TC1_ICP" macro="TC1_ICP1EN" enable="0"/>
      </group>	  
      </module>
  </device>
</project>
                                                                                                                                                                                                                                                                                                                                                                                                                                                                                                                                                                                                                                                                                                                                                                                                                                                                                                                                                                                                                                                                                                                                                                                                                                                                                                                                                                                                                                                                                                                                                                                                                                                                                                                                                                                                                                                                                                                                                                                                                                                                                                                                                                                                                                                                                                                                                                                                                                                                                                                                                                                                                                                                                                                                                                                                                                                                                                                                                                                                                                                                                                                                                                                                                                                                                                                                                                                                                                                                                                                                                                                                                                                                                                                                                                                                                                                                                                                                                                                                                                                                                                                                                                                                                                                                                                                                                                                                                                                                                          
