﻿<?xml version="1.0" encoding="utf-8" ?>
<project name="SimpleUART">
  <device name="LGT8F88D">
	<module name="System Settings" enable="false"/>
	<module name="Miscellany" enable="true"/>
    <module name="USART Module" init="DrvUSART_Init" enable="true">
      <group type="macro">
	      <feature macro="USART_UMSEL0">0x0 - Asynchronous USART</feature>
        <feature macro="USART_BDR0">19200 - 19200bps</feature>
        <feature macro="USART_UCSZ0">0x3 - 8bit data</feature>
        <feature macro="USART_USBS0">0x0 - one stop bit</feature>
        <feature macro="USART_UPM0">0x0 - Disable Parity</feature>
        <feature macro="USART_UCPOL0">0x0 - Rise edge of XCK1</feature>
        <feature macro="USART_U2X0">0</feature>
        <feature macro="USART_MPCM0">0</feature>
        <feature macro="USART_RXEN">1</feature>
        <feature macro="USART_TXEN">1</feature>
      </group>
      <group type="irq">
        <vector name="IVN_TXC" macro="USART_TXC" enable="0"/>
        <vector name="IVN_RXC" macro="USART_RXC" enable="0"/>
        <vector name="IVN_UDR" macro="USART_UDRE" enable="0"/>
      </group>
    </module>
  </device>
  <inc></inc>
  <src></src>
</project>
