﻿<?xml version="1.0" encoding="utf-8" ?>
<sdk name="SDK" version="v1.0">
  <device name="LGT8F08A" package="SSOP24L" href="lgt8f08a.html">
    <module name="System Clock" init="DrvCLK_Init" keys="clk|clock|system|sys|help">
      <comment>Check to enable system clock configuration</comment>
      <comment>You can leave this part unchecked if default setting is okay for your application.</comment>
      <comment>Default settings as follow:</comment>
      <comment>1. main clock source : internal 16MHz RC/OSC</comment>
      <comment>2. main clock scalar : 1/2, so mcu is clocked at 8MHz</comment>
      <group name="configuration" type="macro">
        <feature name="Main Clock Source (MCLK)" type="option" macro="MCK_MCLKSEL">
          <option name="0x0 - Internal 16MHz clock"/>
          <option name="0x1 - External Crystal"/>
          <option name="0x2 - Internal 1KHz clock"/>
          <comment>Set System Clock source, which is used as main clock source to driver core and kinds of peripherals.</comment>
        </feature>
        <feature name="External Crystal Frequency" type="text" macro="MCK_FOSC" default="16000000">
          <comment>If external crystal is used for main clock source, give its frequency here&#xA;e.g, 16000000 for 16MHz</comment>
        </feature>
        <feature name="Main Clock Divider" type="option" macro="MCK_CLKDIV">
          <option name="0x1 - MCLK/2">main clock divided by 2</option>
          <option name="0x0 - MCLK/1">main clock without divided</option>
          <option name="0x2 - MCLK/4">main clock divided by 4</option>
          <option name="0x3 - MCLK/8">main clock divided by 8</option>
          <option name="0x4 - MCLK/16"/>
          <option name="0x5 - MCLK/32"/>
          <option name="0x6 - MCLK/64"/>
          <option name="0x7 - MCLK/128">main clock divided by 128</option>
          <comment>Set main clock divider's per-scalar factor</comment>
        </feature>
        <feature name="Enable external crystal" type="check" macro="MCK_OSCMEN" default="1">
          <comment>eanble to use external crystal (XTAL1/2)</comment>
          <comment>external crystal is enabled by default, it's recommended to disable it if not needed.</comment>
        </feature>
        <feature name="Enable internal 1KHz RC" type="check" macro="MCK_RC1KEN" default="0">
          <comment>enable internal 1KHz RC (for RTC or wakeup from power/off mode</comment>
        </feature>
        <feature name="Enable internal 16MHz RC" type="check" macro="MCK_RC16MEN" default="1">
          <comment>enable internal 16MHz RC</comment>
          <comment>This is the default main clock source, so take care if you want to disable it.</comment>
        </feature> 
      </group>
      <group name="SDK/API Configuration" type="api">
        <func name="void DrvCLK_EnClockSource(u8 u8ClkEn)" type="check" checked="0">
          <comment>
            <return type="void"></return>
            <arg name="u8ClkEn" type="u8">
              <option name="E_RCM_ENA">Enable internal 16MHz RC</option>
              <option name="E_RCK_ENA">Enable internal 1KHz RC</option>
              <option name="E_SOCM_EN">Enable external crystal</option>
              <comment>Clock source can be or'ed to enable at one time.&#xA;e.g, (E_RCM_ENA | E_RCK_ENA)</comment>
            </arg>
            <desc>Enable desired clock source</desc>
          </comment>
        </func>
        <func name="void DrvCLK_SetMainClock(u8 u8MClkSel)" type="check" checked="0">
          <comment>
            <return type="void"></return>
            <arg name="u8MClkSel" type="u8">
              <option name="E_MCLK_RCM">Internal 16MHz RC</option>
              <option name="E_MCLK_OSCM">External Crystal</option>
              <option name="E_MCLK_RCK">Internal 1KHz RC</option>
              <comment>main clock source options</comment>
            </arg>
            <desc>Set main clock source</desc>
          </comment>
        </func>
        <func name="void DrvCLK_SetClockDivider(u8 u8ClkDiv)" type="check" checked="0">
          <comment>
            <return type="void"></return>
            <arg name="u8ClkDiv" type="u8">
              <option name="E_CLKDIV_1">Clock divider = 1</option>
              <option name="E_CLKDIV_2">Clock divider = 2</option>
              <option name="E_CLKDIV_4">Clock divider = 4</option>
              <option name="......"/>
              <option name="E_CLKDIV_128">Clock divider = 128</option>
              <comment>clock divider options</comment>
            </arg>
            <desc>Set main clock divider ratio</desc>
          </comment>
        </func>
      </group>
      <inc path="">FSYSCLK.h</inc>
      <inc path="">DrvCLK.h</inc>
      <src path="">DrvCLK.c</src>
    </module>
    <module name="Power Management" init="DrvPWR_Init" keys="pwr|power|system|sys|pmu|help">
      <comment>Check to enable power managment configuration</comment>
      <comment>void DrvPWR_Init()" will be generated for system initialization</comment>
      <comment>Note: Please refer to RTC module for details of power/off mode configuration</comment>
      <group name="API Configure" type="api">
        <func name="void DrvPWR_Sleep(EM_SMODE emSMode)" type="check">
          <comment>
            <return type="void"></return>
            <arg name="emSMode" type="enum">
              <comment>sleep model selection,&#xA;can be set to following macro:</comment>
              <option name="E_SELLP_IDLE">Set system to idle mode</option>
              <option name="E_SLEEP_ADCNRM">Set system to ADC noise cancel mode</option>
              <option name="E_SLEEP_PWRDOWN">Set system to power down mode</option>
            </arg>
            <desc>Set mcu to sleep modes.</desc>
          </comment>
        </func>
        <func name="void DrvPWR_PwrOff(EM_WK_SRC u8Wkup)" type="check">
          <comment>
            <return type="void"></return>
            <arg name="u8Wkup" type="enum">
              <comment>Wakeup source selection,&#xA;can be set to following macro:</comment>
              <option name="E_POWS_RTC">Wake up from POWER/OFF by RTC</option>
              <option name="E_POWS_EXINT">Wake up from POWER/OFF by PC6 (high level active) </option>
              <option name="E_POWS_BOTH">wake up by RTC and PC6 both</option>
            </arg>
            <desc>Set mcu to power/off mode by given wake-up sources.</desc>
            <desc>the pullup resistor of any port should be 25KOhm or more for power/off</desc>
          </comment>
        </func>
        <func name="void DrvPWR_enableModule(moduleName)" type="check">
          <comment>
            <return type="void"></return>
            <arg name="moduleName" type="macro">
              <comment>set target module(s) to enable its clock source.</comment>
              <option name="PWR_TC0">Timer/Counter 0</option>
              <option name="PWR_TC1">Timer/Connter 1</option>
              <option name="PWR_USART">USART module</option>
              <option name="PWR_ADC">ADC module</option>
            </arg>
            <desc>enable clock source for modules.</desc>
            <desc>e.g DrvPWR_enableModule(PWR_TC0|PWR_TC1|PWR_ADC).</desc>
            <desc>modules' clock source are enabled by default.</desc>
          </comment>
        </func>
        <func name="void DrvPWR_disableModule(moduleName)" type="check">
          <comment>
            <return type="void"></return>
            <arg name="moduleName" type="macro">
              <comment>set target module(s) to disable its clock source.</comment>
              <option name="PWR_TC0">Timer/Counter 0</option>
              <option name="PWR_TC1">Timer/Connter 1</option>
              <option name="PWR_USART">USART module</option>
              <option name="PWR_ADC">ADC module</option>
            </arg>
            <desc>disable clock source for modules.&#xA;e.g DrvPWR_disableModule(PWR_TC0|PWR_TC1|PWR_ADC).</desc>
          </comment>
        </func>
      </group>
      <src path="">DrvPWR.c</src>
      <inc path="">DrvPWR.h</inc>
    </module>
    <module name="I/O Subsystem" init="DrvGPIO_Init" keys="io|i/o|gpio|gpp|port|pin|help">
      <comment>Check to enable GPIO configuration</comment>
      <comment>"void DrvGPIO_Init()" will be generated for system initialization</comment>
      <group name="configuration" type="macro">
        <feature name="Check to set as output (port direction)" type="cklist" macro="null">
          <list name="DDRA">
            <check name="PA0" macro="GPIO_DDA0"/>
            <check name="DDRA1" macro="GPIO_DDA1"/>
            <check name="DDRA2" macro="GPIO_DDA2"/>
            <check name="DDRA3" macro="GPIO_DDA3"/>
            <check name="DDRA4" macro="GPIO_DDA4"/>
            <check name="DDRA5" macro="GPIO_DDA5"/>
            <check name="DDRA6" macro="GPIO_DDA6"/>
            <check name="PA7" macro="GPIO_DDA7"/>
          </list>
          <list name="DDRB">
            <check name="PB0" macro="GPIO_DDB0"/>
            <check name="DDRB1" macro="GPIO_DDB1"/>
            <check name="DDRB2" macro="GPIO_DDB2"/>
            <check name="PB3" macro="GPIO_DDB3"/>
          </list>
          <list name="DDRC">
            <check name="PC0" macro="GPIO_DDC0"/>
            <check name="DDRC1" macro="GPIO_DDC1"/>
            <check name="DDRC2" macro="GPIO_DDC2"/>
            <check name="DDRC3" macro="GPIO_DDC3"/>
            <check name="DDRC4" macro="GPIO_DDC4" enable="0"/>
            <check name="DDRC5" macro="GPIO_DDC5" enable="0"/>
            <check name="PC6" macro="GPIO_DDC6"/>
          </list>
          <list name="DDRD">
            <check name="PD0" macro="GPIO_DDD0"/>
            <check name="PD1" macro="GPIO_DDD1"/>
            <check name="PD2" macro="GPIO_DDD2" enable="0"/>
            <check name="PD3" macro="GPIO_DDD3"/>
            <check name="PD4" macro="GPIO_DDD4"/>
            <check name="PD5" macro="GPIO_DDD5" enable="0"/>
            <check name="PD6" macro="GPIO_DDD6" enable="0"/>
            <check name="PD7" macro="GPIO_DDD7" enable="0"/>
          </list>
        </feature>
        <feature name="Initial level for output port, check to high" type="cklist" macro="null">
          <list name="PORTA">
            <check name="PA0" macro="GPIO_PDA0"/>
            <check name="DDRA1" macro="GPIO_PDA1"/>
            <check name="DDRA2" macro="GPIO_PDA2"/>
            <check name="DDRA3" macro="GPIO_PDA3"/>
            <check name="DDRA4" macro="GPIO_PDA4"/>
            <check name="DDRA5" macro="GPIO_PDA5"/>
            <check name="DDRA6" macro="GPIO_PDA6"/>
            <check name="PA7" macro="GPIO_PDA7"/>
          </list>
          <list name="DDRB">
            <check name="PB0" macro="GPIO_PDB0"/>
            <check name="DDRB1" macro="GPIO_PDB1"/>
            <check name="DDRB2" macro="GPIO_PDB2"/>
            <check name="PB3" macro="GPIO_PDB3"/>
          </list>
          <list name="DDRC">
            <check name="PC0" macro="GPIO_PDC0"/>
            <check name="DDRC1" macro="GPIO_PDC1"/>
            <check name="DDRC2" macro="GPIO_PDC2"/>
            <check name="DDRC3" macro="GPIO_PDC3"/>
            <check name="DDRC4" macro="GPIO_PDC4" enable="0"/>
            <check name="DDRC5" macro="GPIO_PDC5" enable="0"/>
            <check name="PC6" macro="GPIO_PDC6"/>
          </list>
          <list name="DDRD">
            <check name="PD0" macro="GPIO_PDD0"/>
            <check name="DDRD1" macro="GPIO_PDD1"/>
            <check name="DDRD2" macro="GPIO_PDD2" enable="0"/>
            <check name="DDRD3" macro="GPIO_PDD3"/>
            <check name="PD4" macro="GPIO_PDD4"/>
            <check name="PD5" macro="GPIO_PDD5" enable="0"/>
            <check name="PD6" macro="GPIO_PDD6" enable="0"/>
            <check name="PD7" macro="GPIO_PDD7" enable="0"/>
          </list>
        </feature>
      </group>
      <group name="Interrupters" type="irq">
        <vector name="IVN_EXINT0" macro="GPIO_EXINT0EN">
          <comment>Enable external interrupter 0</comment>
          <feature name="Triggle level select" type="option" macro="GPIO_EXINT0ISC">
            <option name="0x0 - low level"/>
            <option name="0x1 - any edge"/>
            <option name="0x2 - falling edge"/>
            <option name="0x3 - rising edge"/>
            <comment>Interrupt trigger level coinfigure</comment>
          </feature>
        </vector>
        <vector name="IVN_EXINT1" macro="GPIO_EXINT1EN">
          <comment>Enable external interrupter 1</comment>
          <feature name="Triggle level select" type="option" macro="GPIO_EXINT1ISC">
            <option name="0x0 - low level"/>
            <option name="0x1 - any edge"/>
            <option name="0x2 - falling edge"/>
            <option name="0x3 - rising edge"/>
            <comment>Interrupt trigger level coinfigure</comment>
          </feature>
        </vector>
        <vector name="IVN_EXINT2" macro="GPIO_EXINT2EN">
          <comment>Enable external interrupter 2</comment>
          <feature name="Triggle level select" type="option" macro="GPIO_EXINT2ISC">
            <option name="0x0 - low level"/>
            <option name="0x1 - any edge"/>
            <option name="0x2 - falling edge"/>
            <option name="0x3 - rising edge"/>
            <comment>Interrupt trigger level coinfigure</comment>
          </feature>
        </vector>
        <vector name="IVN_PCINT0" macro="">
          <comment>Enable pin level change interrupt</comment>
          <feature name="Trigger source select" type="cklist" macro="null">
            <list name="PA">
              <check name="PA0" macro="GPIO_PCIA0MSK"/>
              <check name="PA1" macro="GPIO_PCIA1MSK"/>
              <check name="PA2" macro="GPIO_PCIA2MSK"/>
              <check name="PA3" macro="GPIO_PCIA3MSK"/>
              <check name="PA4" macro="GPIO_PCIA4MSK"/>
              <check name="PA5" macro="GPIO_PCIA5MSK"/>
              <check name="PA6" macro="GPIO_PCIA6MSK"/>
              <check name="PA7" macro="GPIO_PCIA7MSK"/>
            </list>
            <list name="PB">
              <check name="PB0" macro="GPIO_PCIB0MSK"/>
              <check name="PB1" macro="GPIO_PCIB1MSK"/>
              <check name="PB2" macro="GPIO_PCIB2MSK"/>
              <check name="PB3" macro="GPIO_PCIB3MSK"/>
            </list>
            <list name="PC">
              <check name="PC0" macro="GPIO_PCIC0MSK"/>
              <check name="PC1" macro="GPIO_PCIC1MSK"/>
              <check name="PC2" macro="GPIO_PCIC2MSK"/>
              <check name="PC3" macro="GPIO_PCIC3MSK"/>
              <check name="PC4" macro="GPIO_PCIC4MSK" enable="0"/>
              <check name="PC5" macro="GPIO_PCIC5MSK" enable="0"/>
              <check name="PC6" macro="GPIO_PCIC6MSK"/>
            </list>
            <list name="PD">
              <check name="PD0" macro="GPIO_PCID0MSK"/>
              <check name="PD1" macro="GPIO_PCID1MSK"/>
              <check name="PD2" macro="GPIO_PCID2MSK" enable="0"/>
              <check name="PD3" macro="GPIO_PCID3MSK"/>
              <check name="PD4" macro="GPIO_PCID4MSK"/>
              <check name="PD5" macro="GPIO_PCID5MSK" enable="0"/>
              <check name="PD6" macro="GPIO_PCID6MSK" enable="0"/>
              <check name="PD7" macro="GPIO_PCID7MSK" enable="0"/>
            </list>
          </feature>
        </vector>
      </group>
      <group name="API Configure" type="api">
        <func name="void DrvGPIO_EnableOutput(portName, pinName)" type="check">
          <comment>
            <return type="void"></return>
            <arg name="portName" type="macro">
              <comment>port group name, can be A, B, C or D</comment>
            </arg>
            <arg name="pinName" type="macro">
              <comment>pin name, can be OUT7, ..., OUT1</comment>
            </arg>
            <desc>Set port as output. e.g, DrvGPIO_EnableOutput(A, (OUT7|OUT2|OUT1))</desc>
          </comment>
        </func>
        <func name="void DrvGPIO_DisableOutput(portName, pinName)" type="check">
          <comment>
            <return type="void"></return>
            <arg name="portName" type="macro">
              <comment>port group name, can be A, B, C or D</comment>
            </arg>
            <arg name="pinName" type="macro">
              <comment>pin name, can be OUT7, ..., OUT1</comment>
            </arg>
            <desc>Set port as input only. e.g, DrvGPIO_DisableOutput(A, (OUT7|OUT2|OUT1))</desc>
          </comment>
        </func>
        <func name="void DrvGPIO_SetPort(portName, pinName)" type="check">
          <comment>
            <return type="void"></return>
            <arg name="portName" type="macro">
              <comment>port group name, can be A,B,C and D</comment>
            </arg>
            <arg name="pinName" type="macro">
              <comment>set target pin('s), can be OUT7, ...,OUT0</comment>
            </arg>
            <desc>Drive port to high level. e.g DrvGPIO_SetPort(A, (OUT7|OUT2|OUT1))</desc>
          </comment>
        </func>
        <func name="void DrvGPIO_ClearPort(portName, pinName)" type="check">
          <comment>
            <return type="void"></return>
            <arg name="portName" type="macro">
              <comment>port group name, can be A,B,C and D</comment>
            </arg>
            <arg name="pinName" type="macro">
              <comment>set target pin('s), can be OUT7, ...,OUT0</comment>
            </arg>
            <desc>Drive port to low level, e.g DrvGPIO_ClearPort(A, (OUT7|OUT2|OUT1))</desc>
          </comment>
        </func>
        <func name="void DrvGPIO_TogglePort(portName, pinName)" type="check">
          <comment>
            <return type="void"></return>
            <arg name="portName" type="macro">
              <comment>port group name, can be A,B,C and D</comment>
            </arg>
            <arg name="pinName" type="macro">
              <comment>set target pin('s), can be OUT7, ...,OUT0</comment>
            </arg>
            <desc>Toggle port's output level, e.g DrvGPIO_TogglePort(A, (OUT7|OUT2|OUT1))</desc>
          </comment>
        </func>
        <func name="u8 DrvGPIO_GetPort(portName)" type="check">
          <comment>
            <return type="u8">State of target port group</return>
            <arg name="portName" type="macro">
              <comment>port group name, can be A,B,C and D</comment>
            </arg>
            <desc>Get port's status, e.g tmp = DrvGPIO_GetPort(A)</desc>
          </comment>
        </func>
        <func name="u8 DrvGPIO_GetSinglePin(portName, pinName)" type="check">
          <comment>
            <return type="u8">status of target pin.&#xA;0x0: low level, 0x1: high level</return>
            <arg name="portName" type="macro">
              <comment>port group name, can be A,B,C and D</comment>
            </arg>
            <arg name="pinName" type="macro">
              <comment>target pin name, can be IN7,..., IN0</comment>
            </arg>
            <desc>Get pin's status, e.g level = DrvGPIO_GetSignalPin(A, IN0)</desc>
          </comment>
        </func>
        <func name="void DrvGPIO_SetPullup(portName, pinName)" type="check">
          <comment>
            <return type="void">Enable I/O's internal pull-up resistance</return>
            <arg name="portName" type="macro">
              <comment>port group name, can be A,B,C and D</comment>
            </arg>
            <arg name="pinName" type="macro">
              <comment>target pin name, can be OUT7,..., OUT0</comment>
            </arg>
            <desc>Enable pin's internal pull-up resistance, e.g DrvGPIO_SetPullup(A, (OUT2|OUT0))</desc>
          </comment>
        </func>
      </group>
      <inc path="">DrvGPIO.h</inc>
      <src path="">DrvGPIO.c</src>
    </module>
    <module name="USART Module" init="DrvUSART_Init" keys="uart|usart|serial|rx|tx|rxd|txd|spi|help">
      <comment>Check to enable USART module configuration</comment>
      <group name="configuration" type="macro">
        <feature name="USART Mode" type="option" macro="USART_UMSEL0" details="lgt8f08a.html#USMSEL0">
          <option name="0x0 - Asynchronous USART"/>
          <option name="0x1 - Synchronous USART"/>
          <option name="0x2 - Slave SPI">Use USART in SPI Slave mode</option>
          <option name="0x3 - Master SPI">Use USART in SPI Master mode</option>
          <comment>select USART work mode</comment>
        </feature>
        <feature name="Baud Rate" type="option" macro="USART_BDR0">
          <option name="9600 - 9600bps"/>
          <option name="19200 - 19200bps"/>
          <option name="38400 - 38400bps"/>
          <option name="57600 - 57600bps"/>
          <option name="115200 - 115200bps"/>
        </feature>
        <feature name="Data Width" type="option" macro="USART_UCSZ0">
          <option name="0x3 - 8bit data"/>
          <option name="0x0 - 5bit data"/>
          <option name="0x1 - 6bit data"/>
          <option name="0x2 - 7bit data"/>
          <option name="0x7 - 9bit data"/>
        </feature>
        <feature name="Stop bits" type="option" macro="USART_USBS0">
          <option name="0x0 - one stop bit"/>
          <option name="0x1 - two stop bit"/>
        </feature>
        <feature name="Parity Mode" type="option" macro="USART_UPM0">
          <option name="0x0 - Disable Parity"/>
          <option name="0x2 - Enable Even Parity"/>
          <option name="0x3 - Enable Odd Parity"/>
        </feature>
        <feature name="Clock Polarity (In Sync. Mode)" type="option" macro="USART_UCPOL0" enable="dep::USART_UMSEL0:0x1|0x2|0x3">
          <option name="0x0 - Rise edge of XCK1">Transmit data on rising of XCK1 edge; Sample data on falling XCK1</option>
          <option name="0x1 - Falling edge of XCK1">Transmit data on falling of XCK1 edge; Sample data on rising XCK1</option>
          <comment>select active clock polarity for USART when working in synchronous mode</comment>
        </feature>
        <feature name="Double Transmit Speed" type="check" macro="USART_U2X0">
        </feature>
        <feature name="Multi-processor Mode" type="check" macro="USART_MPCM0">
          <comment>Check to enable multi-processor communication mode</comment>
        </feature>
      </group>
      <group name="Interrupters" type="irq">
        <vector name="IVN_RXC0" macro="USART_RXC" defalut="0">
          <comment>Enable USART Receive Complete interrupt</comment>
        </vector>
        <vector name="IVN_TXC0" macro="USART_TXC" default="0">
          <comment>Enable USART Transmit Complete interrupt</comment>
        </vector>
        <vector name="IVN_UDR0" macro="USART_UDRE" default="0">
          <comment>Enable USART Data register empty interrupt</comment>
        </vector>
      </group>
      <group name="API Configure" type="api">
        <func name="void DrvUSART_SendChar(u8 u8Char)" type="check">
          <comment>
            <return type="void"></return>
            <arg name="u8Char" type="u8">Byte to transmit</arg>
            <desc>Trasmit a byte data to USART interface</desc>
          </comment>
        </func>
        <func name="u8 DrvUSART_GetChar(void)" type="check">
          <comment>
            <return type="u8">Byte received from USART interface</return>
            <desc>Receive a byte data from USART interface</desc>
          </comment>
        </func>
        <func name="void DrvUSART_SendStr(char *str)" type="check">
          <comment>
            <return type="void"></return>
            <arg name="str" type="char*">string to transmit</arg>
            <desc>Trasmit string buffer to USART interface</desc>
          </comment>
        </func>
      </group>
      <src path="">DrvUSART.c</src>
      <inc>FSYSCLK.h</inc>
      <inc path="">DrvUSART.h</inc>
    </module>
    <module name="ADC Module" init="DrvADC_Init" keys="adc|ad|analog|ana">
      <comment>Check to enable ADC module configuration</comment>
      <group name="configuration" type="macro">
        <feature name="ADC Reference Voltage" type="option" macro="ADC_REFS">
          <option name="0x1 - Using VCC"/>
          <option name="0x2 - Internal 1.25V"/>
        </feature>
        <feature name="ADC clock divder" type="option" macro="ADC_ADPS">
          <option name="0x1 - SYSCLK/2"/>
          <option name="0x2 - SYSCLK/4"/>
          <option name="0x3 - SYSCLK/8"/>
          <option name="0x4 - SYSCLK/16"/>
          <option name="0x5 - SYSCLK/32"/>
          <option name="0x6 - SYSCLK/64"/>
          <option name="0x7 - SYSCLK/128"/>
        </feature>
        <feature name="ADC data alignment" type="option" macro="ADC_ADLAR">
          <option name="0x0 - right adjust"/>
          <option name="0x1 - left adjust"/>
          <comment>ADC output 10bit data, we can adjust it to align with 16bit's high or low byte</comment>
        </feature>
        <feature name="ADC default channel" type="option" macro="ADC_CHMUX">
          <option name="0x0 - ADC0(PA0)"/>
          <option name="0x1 - ADC1(PA1)"/>
          <option name="0x2 - ADC2(PA2)"/>
          <option name="0x3 - ADC3(PA3)"/>
          <option name="0x4 - ADC4(PA4)"/>
          <option name="0x5 - ADC5(PA5)"/>
          <option name="0x6 - ADC6(PA6)"/>
          <option name="0x7 - ADC7(PA7)"/>
          <option name="0x19 - Internal 1.25V">using internal reference as ADC input</option>
          <option name="0x1A - GND">using system ground as ADC input</option>
          <comment>This channel will be selected after initilization</comment>
        </feature>
        <feature name="ADC auto trigger enable" type="check" macro="ADC_ADATEN">
          <comment>The first convert of auto-trigger should be started using "DrvADC_softStart"</comment>
        </feature>
        <feature name="ADC trigger source select" type="option" macro="ADC_ADTS" enable="dep::ADC_ADATEN:1">
          <option name="0x0 - free-running mode">auto start after pervious convert cycle</option>
          <option name="0x1 - AC comparator"/>
          <option name="0x2 - exnternal interrupt 0"/>
          <option name="0x3 - TC0 compare match"/>
          <option name="0x4 - TC0 overflow"/>
          <option name="0x5 - TC1 compare match B"/>
          <option name="0x6 - TC1 overflow"/>
          <option name="0x7 - TC1 capture event"/>
          <comment>Select source will used to trigger ADC convert</comment>
        </feature>
        <feature name="Select extenal channels which will be used" type="cklist" macro="null">
          <list name="ADCHX">
            <check name="ADC0" macro="ADC_DIDR00"/>
            <check name="ADC1" macro="ADC_DIDR01"/>
            <check name="ADC2" macro="ADC_DIDR02"/>
            <check name="ADC3" macro="ADC_DIDR03"/>
            <check name="ADC4" macro="ADC_DIDR04"/>
            <check name="ADC5" macro="ADC_DIDR05"/>
            <check name="ADC6" macro="ADC_DIDR06"/>
            <check name="ADC7" macro="ADC_DIDR07"/>
          </list>
        </feature>
      </group>
      <group name="Interrupters" type="irq">
        <vector name="IVN_ADC" macro="ADC_ADIE">
          <comment>Enable ADC Convert complete interrupt</comment>
        </vector>
      </group>
      <group name="API Configure" type="api">
        <func name="void DrvADC_enableADC(void)" type="check">
          <comment>Enable ADC module</comment>
        </func>
        <func name="void DrvADC_disableADC(void)" type="check">
          <comment>Disable and power down ADC module</comment>
        </func>
        <func name="void DrvADC_softStart(void)" type="check">
          <comment>Start ADC converting manually (by software)</comment>
        </func>
        <func name="void DrvADC_setChannel(emChnMux chnMux)" type="check">
          <comment>
            <arg name="chnMux" type="enum">
              <comment>set current channel of ADC:</comment>
              <option name="E_CHMUX_ADC0">select ADC0(PA0)</option>
              <option name="E_CHMUX_ADC1">select ADC1(PA1)</option>
              <option name="......"></option>
              <option name="E_CHMUX_ADC7">select ADC7(PA7)</option>
              <option name="E_CHMUX_INVR">select internal 1.25V</option>
              <option name="E_CHMUX_GND">select GND</option>
            </arg>
            <desc>Set current channel for ADC, e.g DrvADC_setChannel(E_CHMUX_ADC0)</desc>
          </comment>
        </func>
        <func name="u16 DrvADC_readData(void)" type="check">
          <comment>Read converted data of current channel</comment>
        </func>
        <func name="u16 DrvADC_readDataEx(u8 fltCount)" type="check">
          <comment>
            <return type="u16">ADC data (averaged)</return>
            <arg name="fltCount" type="u8">
              <comment>oversample count, 0 for no filter</comment>
            </arg>
            <desc>Read current channel with oversample filter</desc>
          </comment>
        </func>
        <func name="u16 DrvADC_readChannel(emChnMux chnMux)" type="check">
          <comment>
            <return type="u16">converted ADC data</return>
            <arg name="chnMux" type="enum">
              <comment>channel for coverting:</comment>
              <option name="E_CHMUX_ADC0">select ADC0(PA0)</option>
              <option name="E_CHMUX_ADC1">select ADC1(PA1)</option>
              <option name="......"></option>
              <option name="E_CHMUX_ADC7">select ADC7(PA7)</option>
              <option name="E_CHMUX_INVR">select internal 1.25V</option>
              <option name="E_CHMUX_GND">select GND</option>
            </arg>
            <desc>read ADC data from a given channel</desc>
          </comment>
        </func>
        <func name="u16 DrvADC_readChannelEx(u8 fltCount, emChnMux chnMux)" type="check">
          <comment>
            <return type="u16">ADC data (averaged)</return>
            <arg name="fltCount" type="u8">
              <comment>oversample count, 0 for no filter</comment>
            </arg>
            <arg name="chnMux" type="enum">
              <comment>set as "DrvADC_readChannel"</comment>
            </arg>
            <desc>Read from given channel with oversample filter</desc>
          </comment>
        </func>
      </group>
      <src path="">DrvADC.c</src>
      <inc path="">DrvADC.h</inc>
    </module>
    <module name="Analog Comparator" init="DrvAC_Init" keys="ac|analog|help">
      <comment>Check to enable analog comparator</comment>
      <group name="configuration" type="macro">
        <feature name="AC positive input source (AC+)" type="option" macro="AC_ACBG">
          <option name="0x0 - external AN0 (PB2)"/>
          <option name="0x1 - internal 1.25V voltage reference"/>
          <comment>Select the input source for positive port of Analog comparator</comment>
          <comment>The negative port always coming from external AN1 (PB3)</comment>
        </feature>
        <feature name="Using AC for ICP of Timer1" type="check" macro="AC_ACIC">
          <comment>Check to use AC's output as source of input capture of Timer1</comment>
          <comment>Uncheck to keep using external ICP1 for capture source of Timer1</comment>
        </feature>
      </group>
      <group name="Interrupters" type="irq">
        <vector name="IVN_ACP" macro="AC_ACIEN">
          <comment>Enable AC interrupt</comment>
          <feature name="AC Interrupt mode select" type="option" macro="AC_ACIS">
            <option name="0x0 - any edge of AC compare output"/>
            <option name="0x2 - falling edge of AC compare output"/>
            <option name="0x3 - rising edge of AC compare output"/>
            <comment>Select the output change mode to generate interrupt</comment>
          </feature>
        </vector>
      </group>
      <group name="API Configure" type="api">
        <func name="void DrvAC_Stop(void)" type="check">
          <comment>Disable/Stop AC module</comment>
        </func>
        <func name="void DrvAC_Start(void)" type="check">
          <comment>Enable/Start AC module</comment>
        </func>
      </group>
      <inc path="">DrvAC.h</inc>
      <src path="">DrvAC.c</src>
    </module>
    <module name="Timer/Counter 0" init="DrvTC0_Init" keys="tc0|tc|timer0|timer|pwm|help">
      <comment>Check to enable 8bit Timer/Counter 0 configuration</comment>
      <group name="configuration" type="macro">
        <feature name="Clock source select" type="option" macro="TC0_CS0">
          <option name="0x0 - no clock">stop timer/counter</option>
          <option name="0x1 - SYSCLK">using system clock as clock source</option>
          <option name="0x2 - SYSCLK/8">system clock divided by 8</option>
          <option name="0x3 - SYSCLK/64">system clock divided by 64</option>
          <option name="0x4 - SYSCLK/256">system clock divided by 256</option>
          <option name="0x5 - SYSCLK/1024">system clock divided by 1024</option>
          <option name="0x6 - falling edge of external T0">clock from external pin T0</option>
          <option name="0x7 - rising edge of external T0">clock from external pin T0</option>
          <comment>select clock source for timer/counter</comment>
        </feature>
        <feature name="Waveform generate mode" type="option" macro="TC0_WGM0" details="lgt8f08a.html#TC0_WGM0">
          <option name="0x0 - NORMAL mode">normal mode</option>
          <option name="0x1 - PCPWM mode (TOP=0xFF)">phase correct PWM mode, TOP overflow when TOP = 0xFF</option>
          <option name="0x2 - CTC mode">clear timer on compare match</option>
          <option name="0x3 - FPWM mode (TOP=0xFF)">fast PWM mode, TOP overflow when TOP = 0xFF</option>
          <option name="0x5 - PCPWM mode (TOP=OCR0)">phase correct PWM mode, TOP overflow when TOP = OCR0</option>
          <option name="0x7 - FPWM mode (TOP=OCR0)">fast PWM mode, TOP overflow when TOP = OCR0</option>
          <comment>configure waveform generate mode</comment>
        </feature>
        <feature name="Compare output mode select" type="option" macro="TC0_COM0">
          <option name="0x0 - disable comparator output"/>
          <option name="0x1 - toggle on compare match"/>
          <option name="0x2 - clear on compare match"/>
          <option name="0x3 - set on compare match"/>
          <comment>select compare output model</comment>
        </feature>
        <feature name="Enable compare output to pin (OC0)" type="check" macro="TC0_OC0EN">
          <comment>check to enable compare output to chip's external pin (OC0)</comment>
        </feature>
        <feature name="Value of compare register (OCR0)" type="text" macro="TC0_OCR0" default="0x00">
          <comment>given value for 8bit output compare register (OCR0)</comment>
        </feature>
        <feature name="Value of counter register (TCNT0)" type="text" macro="TC0_TCNT0" default="0x00">
          <comment>given initial value for 8bit counter register (TCNT0)</comment>
        </feature>
      </group>
      <group name="Interrupters" type="irq">
        <vector name="IVN_TC0_TOV" type="check" macro="TC0_TOV0EN">
          <comment>Enable Timer0 Overflow interrupt</comment>
        </vector>
        <vector name="IVN_TC0_OC" type="check" macro="TC0_OCF0EN">
          <comment>Enable Timer0 compare match interrupt</comment>
        </vector>
      </group>
      <group name="API Configure" type="api">
        <func name="void DrvTC0_Stop()" type="check">
          <comment>Stop timer</comment>
        </func>
        <func name="void DrvTC0_Restart()" type="check">
          <comment>Start timer</comment>
          <comment>use to restart timer if it's stoped by DrvTC0_Stop()</comment>
        </func>
        <func name="void DrvTC0_SetCNT(u8 tcnt)" type="check">
          <comment>reload value of counter register</comment>
        </func>
        <func name="void DrvTC0_SetOCA(u8 ocr)" type="check">
          <comment>set/reset compare register</comment>
        </func>
        <func name="u8 DrvTC0_GetCNT(void)" type="check">
          <comment>Get current value of counter register</comment>
        </func>
        <func name="u8 DrvTC0_GetOCA()" type="check">
          <comment>Get current value compare register</comment>
        </func>
      </group>
      <src path="">DrvTC0.c</src>
      <inc path="">DrvTC0.h</inc>
    </module>
    <module name="Timer/Counter 1" init="DrvTC1_Init" keys="tc1|tc|timer1||timer|pwm|help">
      <comment>Check to enable 16bit Timer/Counter 1 configuration</comment>
      <group name="configuration" type="macro">
        <feature name="Clock source select" type="option" macro="TC1_CS1">
          <option name="0x0 - no clock">stop timer/counter</option>
          <option name="0x1 - SYSCLK">using system clock as clock source</option>
          <option name="0x2 - SYSCLK/8">system clock divided by 8</option>
          <option name="0x3 - SYSCLK/64">system clock divided by 64</option>
          <option name="0x4 - SYSCLK/256">system clock divided by 256</option>
          <option name="0x5 - SYSCLK/1024">system clock divided by 1024</option>
          <option name="0x6 - falling edge of external T1">clock from external pin T0</option>
          <option name="0x7 - rising edge of external T1">clock from external pin T0</option>
          <comment>select clock source for timer/counter</comment>
        </feature>
        <feature name="Waveform generate mode" type="option" macro="TC1_WGM1" details="lgt8f08a.html#TC1_WGM1">
          <option name="0x0 - NORMAL mode">normal mode</option>
          <option name="0x1 - 8bit PCPWM mode (TOP=0xFF)">phase correct PWM mode, TOP overflow when TOP = 0xFF</option>
          <option name="0x2 - 9bit PCPWM mode (TOP=0x1FF)">phase correct PWM mode, TOP overflow when TOP = 0x1FF</option>
          <option name="0x3 - 10bit PCPWM mode (TOP=0x3FF)">phase correct PWM mode, TOP overflow when TOP = 0x3F</option>
          <option name="0x4 - CTC mode (TOP=OCR1A)">clear timer on compare match, TOP overflow when TOP=OCR1A</option>
          <option name="0x5 - 8bit FPWM mode (TOP=0xFF)">fast PWM mode, TOP overflow when TOP = 0xFF</option>
          <option name="0x6 - 9bit FPWM mode (TOP=0x1FF)">fast PWM mode, TOP overflow when TOP = 0x1FF</option>
          <option name="0x7 - 10bit FPWM mode (TOP=0x3FF)">fast PWM mode, TOP overflow when TOP = 0x3FF</option>
          <option name="0x8 - PFCPWM mode (TOP=ICR1)">phase and frequency correct PWM mode, TOP overflow when TOP = ICR1</option>
          <option name="0x9 - PFCPWM mode (TOP=OCR1A)">phase and frequency correct PWM mode, TOP overflow when TOP = OCR1A</option>
          <option name="0xA - PCPWM mode (TOP=ICR1)">phase correct PWM mode, TOP overflow when TOP = ICR1</option>
          <option name="0xB - PCPWM mode (TOP=OCR1A)">phase correct PWM mode, TOP overflow when TOP = OCR1A</option>
          <option name="0xC - CTC mode (TOP=ICR1)">clear timer on compare match, TOP overflow when TOP=ICR1</option>
          <option name="0xE - FPWM mode (TOP=ICR1)">fast PWM mode, TOP overflow when TOP = ICR1</option>
          <option name="0xF - FPWM mode (TOP=OCR1A)">fast PWM mode, TOP overflow when TOP = OCR1A</option>
          <comment>configure waveform generate mode for compare-A/B</comment>
        </feature>
        <feature name="Compare(A) output mode select" type="option" macro="TC1_COM1A">
          <option name="0x0 - disable comparator output"/>
          <option name="0x1 - toggle on compare match"/>
          <option name="0x2 - clear on compare match"/>
          <option name="0x3 - set on compare match"/>
          <comment>select compare output model for comparator A</comment>
        </feature>
        <feature name="Compare(B) output mode select" type="option" macro="TC1_COM1B">
          <option name="0x0 - disable comparator output"/>
          <option name="0x1 - toggle on compare match"/>
          <option name="0x2 - clear on compare match"/>
          <option name="0x3 - set on compare match"/>
          <comment>select compare output model for comparator B</comment>
        </feature>
        <feature name="Input capture edge select" type="option" macro="TC1_ICES1">
          <option name="0x0 - falling edge is used as trigger"/>
          <option name="0x1 - rising edge is used as trigger"/>
        </feature>
        <feature name="Noise canceler for input capture" type="check" macro="TC1_ICNC1">
          <comment>check to enable noise canceler for trigger input of capture module</comment>
        </feature>
        <feature name="Enable OC1A output" type="check" macro="TC1_OC1AEN">
          <comment>check to enable pin OC1A used as compare output</comment>
        </feature>
        <feature name="Enable OC1B output" type="check" macro="TC1_OC1BEN">
          <comment>check to enbale pin OC1B used as compare output</comment>
        </feature>
        <feature name="Value of compare register (OCR1A)" type="text" macro="TC1_OCR1A" default="0x0000">
          <comment>given value for output compare register (16bit) OCR1A</comment>
        </feature>
        <feature name="Value of compare register (OCR1B)" type="text" macro="TC1_OCR1B" default="0x0000">
          <comment>given value for output compare register (16bit) OCR1B</comment>
	  <comment>Note: This value should be smaller than OCR1A if mode with TOP=OCR1A is selected</comment>
        </feature>
        <feature name="Value of capture register (ICR1)" type="text" macro="TC1_ICR1" default="0x0000">
          <comment>given value for input capture register (16bit) ICR1</comment>
        </feature>
        <feature name="Value of counter register (TCNT1)" type="text" macro="TC1_TCNT1" default="0x0000">
          <comment>given initial value for counter register (16bit) (TCNT1)</comment>
        </feature>
      </group>
      <group name="Interrupters" type="irq">
        <vector name="IVN_TC1_TOV" type="check" macro="TC1_TOV1EN">
          <comment>Enable Timer1 Overflow interrupt</comment>
        </vector>
        <vector name="IVN_TC1_OCA" type="check" macro="TC1_OCF1AEN">
          <comment>Enable Timer1 comparator-A match interrupt</comment>
        </vector>
        <vector name="IVN_TC1_OCB" type="check" macro="TC1_OCF1BEN">
          <comment>Enable Timer1 comparator-B match interrupt</comment>
        </vector>
        <vector name="IVN_TC1_ICP" type="check" macro="TC1_ICP1EN">
          <comment>Enable Timer1 input capture match interrupt</comment>
        </vector>
      </group>
      <group name="API Configure" type="api">
        <func name="void DrvTC1_Stop()" type="check">
          <comment>Stop timer</comment>
        </func>
        <func name="void DrvTC1_Restart()" type="check">
          <comment>Start timer</comment>
          <comment>use to restart timer if it's stoped by DrvTC1_Stop()</comment>
        </func>
        <func name="void DrvTC1_SetCNT(u16 value)" type="check">
          <comment>Set/Reset counter register of timer 1</comment>
          <comment>This fucntion is interrupt-safe for 16bit operation</comment>
        </func>
        <func name="void DrvTC1_SetOCA(u16 value)" type="check">
          <comment>Set/Reset A-group compare register of timer 1</comment>
          <comment>This fucntion is interrupt-safe for 16bit operation</comment>
        </func>
        <func name="void DrvTC1_SetOCB(u16 value)" type="check">
          <comment>Set/Reset B-group compare register of timer 1</comment>
          <comment>This fucntion is interrupt-safe for 16bit operation</comment>
        </func>
        <func name="void DrvTC1_SetICR(u16 value)" type="check">
          <comment>Set/Reset input capture register of timer 1</comment>
          <comment>This fucntion is interrupt-safe for 16bit operation</comment>
        </func>
        <func name="u16 DrvTC1_GetCNT(void)" type="check">
          <comment>Get value of current counter register of timer 1</comment>
          <comment>This fucntion is interrupt-safe for 16bit operation</comment>
        </func>
        <func name="u16 DrvTC1_GetOCA(void)" type="check">
          <comment>Get value of A-group compare register of timer 1</comment>
          <comment>This fucntion is interrupt-safe for 16bit operation</comment>
        </func>
        <func name="u16 DrvTC1_GetOCB(void)" type="check">
          <comment>Get value of B-group compare register of timer 1</comment>
          <comment>This fucntion is interrupt-safe for 16bit operation</comment>
        </func>
        <func name="u16 DrvTC1_GetICR(void)" type="check">
          <comment>Get value of input capture register of timer 1</comment>
          <comment>This fucntion is interrupt-safe for 16bit operation</comment>
        </func>
      </group>
      <inc path="">DrvTC1.h</inc>
      <src path="">DrvTC1.c</src>
    </module>
    <module name="RTC Module" init="DrvRTC_Init">
      <comment>Check to enable RTC configuration</comment>
      <comment>RTC clocked by internal 1KHz low power RC, which can keep active in power/off mode.</comment>
      <comment>It can be used to wakeup system from power/off mode</comment>
      <group name="configuration" type="macro">
        <feature name="RTC counter top value (24bit)" type="text" macro="RTC_TCTOP" default="0xFFFFFF">
          <comment>RTC will generate interrupt when count to this given top value</comment>
        </feature>
        <feature name="Wake up source for power/off mode" type="option" macro="RTC_WKT">
          <option name="0x0 - none"/>
          <option name="0x1 - using RTC for wake up"/>
          <option name="0x2 - using PC6 for wake up"/>
          <option name="0x3 - using RTC and PC6 for wake up"/>
          <comment>Select wake up source for power/off mode.</comment>
        </feature>
      </group>
      <group name="Interrupters" type="irq">
        <vector name="IVN_RTC" macro="RTC_IEN">
          <comment>Enable RTC interrupt</comment>
        </vector>
      </group>
      <group name="API Configure" type="api">
      </group>
      <inc path="">DrvRTC.h</inc>
      <src path="">DrvRTC.c</src>
    </module>
    <module name="Watch Dog Timer" init="DrvWDT_Init">
      <comment>Check to enable Watch Dog Timer(WDT)</comment>
      <comment>WDT module clocked by internal 16MHz/RC divided by 8, so 2MHz.</comment>
      <comment>WDT can be configured to generate timeout period from 1ms to 512ms</comment>
      <group name="configuration" type="macro">
        <feature name="WDT work mode" type="option" macro="WDT_MODE">
          <option name="0x0 - WDT stopped"/>
          <option name="0x1 - timeout for interrupt only">please enable WDT interrupt to generate server routine</option>
          <option name="0x2 - timeout for system reset only"/>
          <option name="0x3 - timeout for both interrupt and reset">please WDT enable interrupt to generte server routine</option>
          <comment>Watch dog working mode select</comment>
        </feature>
        <feature name="WDT timeout period selection" type="option" macro="WDT_WDP">
          <option name="0x0 - 1ms">count for 2k system cycle</option>
          <option name="0x1 - 2ms">count for 4k system cycle</option>
          <option name="0x2 - 4ms">count for 8k system cycle</option>
          <option name="0x3 - 8ms">count for 16k system cycle</option>
          <option name="0x4 - 16ms">count for 32k system cycle</option>
          <option name="0x5 - 32ms">count for 64k system cycle</option>
          <option name="0x6 - 64ms">count for 128k system cycle</option>
          <option name="0x7 - 128ms">count for 256k system cycle</option>
          <option name="0x8 - 256ms">count for 512k system cycle</option>
          <option name="0x9 - 512ms">count for 1024k system cycle</option>
          <comment>WDT timeout period selection</comment>
        </feature>
      </group>
      <group name="Interrupters" type="irq">
        <vector name="IVN_WDT" macro="WDT_IEN" check="dep::WDT_MODE:0x1|0x3">
          <comment>Enable WDT interrupt</comment>
        </vector>
      </group>
      <group name="API Configure" type="api">
      </group>
      <inc path="">DrvWDT.h</inc>
      <src path="">DrvWDT.c</src>
    </module>
    <module name="EEPROM Module" keys="eeprom|e2prom|flash|isp|help">
      <comment>Check to include EEPROM/FLASH related functions</comment>
      <group name="configuration" type="macro">
        <feature name="Enable Flash ISP function" type="check" macro="FLASH_ISPEN">
          <comment>Check to include function for FLASH ISP</comment>
        </feature>
      </group>
      <group name="EEPROM Read/Write API" type="api">
        <func name="void DrvEEPROM_ProgByte(u16 u16Addr, u8 u8Data)" type="check">
          <comment>
            <return type="void"></return>
            <arg name="u16Addr" type="u16">
              <comment>Target address (from 0 to 503)</comment>
            </arg>
            <arg name="u8Data" type="u8">
              <comment>Byte data for programming to EEPROM</comment>
            </arg>
            <desc>Program EEPROM in byte mode</desc>
          </comment>
        </func>
        <func name="u8 DrvEEPROM_ReadByte(u16 u16Addr)" type="check">
          <comment>
            <return type="u8">Byte read from EEPROM on specified address</return>
            <arg name="u16Addr" type="u16">
              <comment>Target address (from 0 to 503)</comment>
            </arg>
            <desc>Read data from EEPROM in byte mode</desc>
          </comment>
        </func>
      </group>
      <group name="FLASH/ISP API" type="api">
        <func name="void DrvFLASH_ProgData(u16 u16Addr, u16 u16Len, u16 *pu16Data)" type="check">
          <comment>
            <return type="void"></return>
            <arg name="u16Addr" type="u16">
              <comment>Start address for programming</comment>
            </arg>
            <arg name="u16Len" type="u16">
              <comment>Data Length in 16bit aligned</comment>
            </arg>
            <arg name="pu16Data" type="u16*">
              <comment>Point to source data</comment>
            </arg>
            <desc>Program FLASH in Word(16bit) aligned mode</desc>
          </comment>
        </func>
        <func name="void DrvFLASH_ErasePage(u16 u16Addr)" type="check">
          <comment>
            <return type="void"></return>
            <arg name="u16Addr" type="u16">
              <comment>Page aligned (512bytes) address to specify target page.&#xA;u16Addr[8:0] must be 0x00</comment>
            </arg>
            <desc>Erase FLASH in page (512bytes) aligned mode</desc>
          </comment>
        </func>
        <func name="void DrvFLASH_ReadData(u16 u16Addr, u16 u16Len, u16 *pu16Data)" type="check">
          <comment>
            <return type="void"></return>
            <arg name="u16Addr" type="u16">
              <comment>Start address for reading</comment>
            </arg>
            <arg name="u16Len" type="u16">
              <comment>Data Length in 16bit aligned</comment>
            </arg>
            <arg name="pu16Data" type="u16*">
              <comment>Point to buffer to receive data</comment>
            </arg>
            <desc>Read FLASH in Word(16bit) aligned mode</desc>
          </comment>
        </func>
      </group>
      <inc path="">DrvEEPROM.h</inc>
      <src path="">DrvEEPROM.c</src>
    </module>
    <module name="Miscellany" init="DrvMISC_Init" keys="delay|misc|guid|swd|help">
      <comment>Check to enable miscellany system settings</comment>
      <group name="configuration" type="macro">
        <feature name="Disable SWD Interface" type="check" macro="MISC_SWDD" default="0">
          <comment>Check to disable SWD Debug interface.</comment>
          <comment>It's recommand to leave SWD enabled if possible.</comment>
        </feature>
        <feature name="Global pull-up control" type="check" macro="MISC_PUD" default="0">
          <comment>Check to dsiable global pull-up of I/O.</comment>
          <comment>I/O's pullup can be controlled individually, e.g, DrvGPIO_SetPullup(A, OUT7)</comment>
        </feature>
        <feature name="I/O Drive Strenth Select" type="option" macro="MISC_CFDS" default="0">
          <option name="0x0 - normal (4mA)">up to 7mA when drive to low&#xA;up to 12mA when drive to high</option>
          <option name="0x1 - extend (12mA)">up to 14mA when drive to low&#xA;up to 24mA when driven to high</option>
          <comment>I/O drive strngth select</comment>
        </feature>
      </group>
      <group name="API Configure" type="api">
        <func name="void DrvMISC_Delayus(u16 us)" type="check">
          <comment>us level software delay, can also used by its alias name: delayus(us)</comment>
        </func>
        <func name="void DrvMISC_Delayms(u16 ms)" type="check">
          <comment>ms level software delay, can also used by its alias name: delayms(ms)</comment>
        </func>
        <func name="void DrvMISC_SetPUD()" type="check">
          <comment>Global I/O pull-up disable</comment>
        </func>
        <func name="void DrvMISC_ClearResetFlags()" type="check">
          <comment>Clear reset flags, should be used after you have read those flags</comment>
        </func>
        <func name="void DrvMISC_SoftReset()" type="check">
          <comment>Reset system by software, except on chip debug unit</comment>
        </func>
        <func name="u8 DrvMISC_GetResetFlags()" type="check">
          <comment>Read system reset flags.</comment>
          <comment>This is a macro definition, just return MCUCSR register value</comment>
          <comment>Here is all the reset flags definition:</comment>
          <comment> MCUCSR[0] : power on reset flag</comment>
          <comment> MCUCSR[1] : external reset flag</comment>
          <comment> MCUCSR[3] : watch dog reset flag</comment>
          <comment> MCUCSR[5] : software reset flag</comment>
        </func>
        <func name="u8 DrvMISC_GetPORResetFlag()" type="check">
          <comment>Get power on reset flags</comment>
          <comment>return 1 if system reset from power on</comment>
        </func>
        <func name="u8 DrvMISC_GetExtResetFlag()" type="check">
          <comment>Get external reset flags</comment>
          <comment>return 1 if system reset by external RESETN</comment>
        </func>
        <func name="u8 DrvMISC_GetWDTResetFlag()" type="check">
          <comment>Get watch dog reset flags</comment>
          <comment>return 1 if system reset by wdt overflow</comment>
        </func>
        <func name="u8 DrvMISC_GetSoftResetFlag()" type="check">
          <comment>Get software reset flags</comment>
          <comment>return 1 for system reset by software</comment>
        </func>
        <func name="u8 DrvMISC_GetGUID3()" type="check">
          <comment>Get GUID byte 3</comment>
        </func>
        <func name="u8 DrvMISC_GetGUID2()" type="check">
          <comment>Get GUID byte 2</comment>
        </func>
        <func name="u8 DrvMISC_GetGUID1()" type="check">
          <comment>Get GUID byte 1</comment>
        </func>
        <func name="u8 DrvMISC_GetGUID0()" type="check">
          <comment>Get GUID byte 0</comment>
        </func>
        <func name="u8 DrvMISC_CLRI()" type="check">
          <comment>Disable global interrupt and store it for next recovery by DrvMISC_RESI()</comment>
          <comment>This function is useful for code region to avoid interrupted</comment>
          <comment>this function should be used with DrvMISC_RESI()</comment>
        </func>
        <func name="u8 DrvMISC_RESI()" type="check">
          <comment>Restore global interrupt which cleared by DrvMISC_CLRI()</comment>
          <comment>This function is useful for code region to avoid interrupted</comment>
          <comment>this function should be used with DrvMISC_CLRI()</comment>
        </func>
        <func name="u8 DrvMISC_GetBGR()" type="check">
          <comment>Get calibrated value of internal 1.25V voltage reference</comment>
          <comment>This function is only for chip which has BGR calibrated</comment>
          <comment>e.g bgr = DrvMISC_GetGBR(); then use (bgr/100) as voltage reference</comment>
        </func>
      </group>
      <inc path="">FSYSCLK.h</inc>
      <inc path="">DrvMISC.h</inc>
      <src path="">DrvMISC.c</src>
    </module>
  </device>
  <project name="Project">
    <module name="Demos">
      <comment></comment>
      <group name="Demo projects" type="demo" path="demo">
        <!--contents coming from demo.xml-->
      </group>
    </module>
    <module name="Settings">
      <comment></comment>
      <group name="IDE Settings" type="ids" path="ide">
        <!--contents from ide template-->
      </group>
    </module>
  </project>
</sdk>
