﻿<?xml version="1.0" encoding="utf-8" ?>
<sdk name="SDK" version="1.0">
  <device name="LGT8F690A" package="TSSOP20">
    <module name="System and Power" init="sysInit" keys="sys|power|pwr|clk|clock|help">
      <comment>Check to enable System and power configuration</comment>
      <comment>You can leave this part unchecked if default settings is right for your application.</comment>
      <comment>Default settings as follow:</comment>
      <comment>1. main clock source: internal 16MHz HFINTOSC</comment>
      <comment>2. system clock prescalar: 1/4, so core is working at 4MHz</comment>
      <group name="System Settings" type="macro">
        <feature name="Main clock source (MCLK)" type="option" macro="SYS_MCKSEL" enable="1">
          <option name="0x0 - Internal 16MHz HFINTOSC">internal 16MHz RCOSC</option>
          <option name="0x1 - Internal 32KHz LFINTOSC">internal 32KHz RCOSC</option>
          <option name="0x2 - External LFEXTOSC">external crystal (low frequency &lt; 1MHz)</option>
          <option name="0x3 - External HFEXTOSC">external crystal (high frequency &lt; 20MHz)</option>
      	  <comment>Select main clock source</comment>
        </feature>
        <feature name="External Clock Frequency" type="text" macro="SYS_FOSC" default="16000000" enable="dep::SYS_MCKSEL:0x2|0x3">
          <comment>If external clock is used for main clock source, give its frequency here&#xA;e.g, 16000000 for 16MHz</comment>
        </feature>
        <feature name="Internal HFINTOSC Prescaler" type="option" macro="SYS_IRCDIV">
          <option name="0x5 - HFINTOSC/4">This is the default settings</option>
          <option name="0x7 - No scalar">main clock w/o divider</option>
          <option name="0x6 - HFINTOSC/2">main clock divide by 2</option>
          <option name="0x4 - HFINTOSC/8"/>
          <option name="0x3 - HFINTOSC/16"/>
          <option name="0x2 - HFINTOSC/32"/>
          <option name="0x1 - HFINTOSC/64"/>
          <option name="0x0 - 32KHz LFINTOSC"/>
          <comment>Clock prescaler for internal HFINTOSC sources</comment>
        </feature>
        <feature name="Core Cycle Settings" type="option" macro="SYS_TCYC">
          <option name="0x3 - 4T">instruction cycle = 4x main clock cycle</option>        
          <option name="0x1 - 2T">instruction cycle = 2x main clock cycle</option>
          <option name="0x0 - 1T">instruction cycle = main clock cycle</option>          
          <comment>Set instruction cycles mode</comment>
        </feature>        
        <feature name="System clock output" type="check" macro="SYS_CKEA3">
          <comment>Enable system clock output to RA3</comment>
        </feature>                        
        <feature name="Global Pullup Enable" type="check" macro="SYS_RABPU" default="0">
          <comment>Check to Enable global pullup control for RA/RB</comment>
        </feature>
        <feature name="Disable SWD/SWC Interface" type="check" macro="SYS_SWDD" default="0">
          <comment>Check to disable SWD Debug interface.</comment>
          <comment>It's recommand to leave SWD enabled if possible.</comment>
        </feature>
        <feature name="Disable External RESET" type="check" macro="SYS_RSTD" default="0">
          <comment>Check to disable external reset</comment>
          <comment>After disable, the port RB7 can be used as GPIO</comment>
        </feature>
        <feature name="Enable LVR module" type="check" macro="SYS_LVRE" default="0">
          <comment>Check to enable Low Voltage Reset(LVR) module</comment>
        </feature>                  
        <feature name="Sleep Mode Settings" type="option" macro="SYS_DPSM">
          <option name="0x0 - IDLE">disable core clock, all peripherals keep running</option>
          <option name="0x1 - SAVE">disable all clock source except 32KHz LFINTOSC</option>
          <option name="0x3 - DEEP">disalbe all clock sources</option>
          <comment>Select sleep mode. system will enter selected mode after issue SLEEP instruction.&#xA;or you can call sysSleepByMode() by given sleep mode.</comment>
        </feature>
      </group> 
      <group name="API Configuration" type="api">
        <func name="void sysCoreCycle(ccyc)" type="check">
          <comment>
            <return type="void"></return>
            <arg name="ccyc" type="macro">
              <comment>instruction cycle settings</comment>
              <option name="SYS_TCYC_1T">set core cycle to 1T mode</option>
              <option name="SYS_TCYC_2T">set core cycle to 2T mode</option>
              <option name="SYS_TCYC_4T">set core cycle to 4T mode</option>
            </arg>
            <desc>Set core cycle. e.g, sysCoreCycle(SYS_TCYC_4T)</desc>
          </comment>
        </func>
        <func name="void sysSleep()" type="check">
          <comment>bring system to sleep with current sleep mode</comment>
        </func>
        <func name="void sysSleepByMode(u8 mode)">
          <comment>
            <return type="void"/>
            <arg name="mode" type="u8">
              <comment>power mode settings</comment>
              <option name="SYS_SLEEP_IDLE">idle mode, disable core clock only</option>
              <option name="SYS_SLEEP_SAVE">save mode, RC32K keep running</option>
              <option name="SYS_SLEEP_DEEP">deep mode, disable all clocks</option>
            </arg>
            <desc>bring system to sleep with given mode. e.g, after call sysSleepByMode(SYS_SLEEP_DEEP)</desc>
          </comment>
        </func>        
        <func name="void sysClockINTRC(u8 mode)">
          <comment>
            <return type="void"/>
            <arg name="mode" type="u8">
              <comment>select internal clock source</comment>
              <option name="SYS_INTRC_DIV0">16MHz HFINTOSC without scaler</option>
              <option name="SYS_INTRC_DIV2">16MHz HFINTOSC divided by 2</option>
              <option name="SYS_INTRC_DIV4">16MHz HFINTOSC divided by 4</option>
              <option name="SYS_INTRC_DIV8">16MHz HFINTOSC divided by 8</option>
              <option name="SYS_INTRC_DIV16">16MHz HFINTOSC divided by 16</option>
              <option name="SYS_INTRC_DIV32">16MHz HFINTOSC divided by 32</option>
              <option name="SYS_INTRC_DIV64">16MHz HFINTOSC divided by 64</option>
              <option name="SYS_INTRC_RC32K">32KHz LFINTOSC</option>
            </arg>
            <desc>set system clock to internal INTRC. The default clock settings can be restored by call sysClockRestore()</desc>
          </comment>
        </func>        
        <func name="void sysClockRestore()" type="check">
          <comment>Restore system clock settings to default</comment>
        </func>
        <func name="void sysPowerLevel(u8 level)">
          <comment>
            <return type="void"/>
            <arg name="level" type="u8">
              <comment>select system power level</comment>
              <option name="SYS_POWER_HL">high level power mode for 8MHz~20MHz intruction cycle</option>
              <option name="SYS_POWER_ML">middle level power mode for 500KHz~8MHz intruction cycle</option>
              <option name="SYS_POWER_LL">low level power mode for 500KHz intruction cycle</option>
            </arg>
            <desc>set system power level according to instruction cycle to save power consumption</desc>
          </comment>
        </func>        
        <func name="void sysPullupEnable()" type="check">
          <comment>Global pullup enable</comment>
        </func>
        <func name="void sysPullupDisable()" type="check">
          <comment>Global pullup disable</comment>
        </func>  
        <func name="void clkoEnable()" type="check">
          <comment>Enable System clock output on RA3</comment>
        </func>
        <func name="void clkoDisable()" type="check">
          <comment>Disable System clock output on RA3</comment>
        </func>  
        <func name="void lvrEnable()" type="check">
          <comment>Enable low voltage reset (LVR) module</comment>
        </func>
        <func name="void lvrDisable()" type="check">
          <comment>Disable low voltage rset (LVR) module</comment>
        </func>  
      </group>         
      <inc path="">FSYSCLK.h</inc>
      <inc path="">lgt8f690a_sys.h</inc>
      <src path="">lgt8f690a_sys.c</src>                          
    </module>
    <module name="I/O Subsystem" init="gppInit" keys="io|gpio|gpp|port|pin">
      <comment>Check to enable GPIO configuration</comment>
      <group name="configuration" type="macro">
        <feature name="Check to set as output (port direction)" type="cklist" macro="null">
          <list name="TRISA">
            <check name="RA0" macro="GPP_TRISA0">Enable RA0 output</check>
            <check name="RA1" macro="GPP_TRISA1">Enable RA1 output</check>
            <check name="RA2" macro="GPP_TRISA2">Enable RA2 output</check>
            <check name="RA3" macro="GPP_TRISA3">Enable RA3 output</check>
            <check name="RA4" macro="GPP_TRISA4">Enable RA4 output</check>
            <check name="RA5" macro="GPP_TRISA5">Enable RA5 output</check>
            <check name="RA6" macro="GPP_TRISA6">Enable RA6 output</check>
            <check name="RA7" macro="GPP_TRISA7">Enable RA7 output</check>
          </list>    
          <list name="TRISB">
            <check name="RB0" macro="GPP_TRISB0">Enable RB0 output</check>
            <check name="RB1" macro="GPP_TRISB1">Enable RB1 output</check>
            <check name="RB2" macro="GPP_TRISB2">Enable RB2 output</check>
            <check name="RB3" macro="GPP_TRISB3">Enable RB3 output</check>
            <check name="RB4" macro="GPP_TRISB4">Enable RB4 output</check>
            <check name="RB5" macro="GPP_TRISB5">Enable RB5 output</check>
            <check name="RB6" macro="GPP_TRISB6">Enable RB6 output</check>
            <check name="RB7" macro="GPP_TRISB7">Enable RB7 output</check>
          </list>
          <list name="TRISC">
            <check name="RC0" macro="GPP_TRISC0">Enable RC0 output</check>
            <check name="RC1" macro="GPP_TRISC1">Enable RC1 output</check>
          </list>        
        </feature>
        <feature name="Initial level for output port, check to high" type="cklist" macro="null">
          <list name="PORTB">
            <check name="RA0" macro="GPP_PORTA0"></check>
            <check name="RA1" macro="GPP_PORTA1"></check>
            <check name="RA2" macro="GPP_PORTA2"></check>
            <check name="RA3" macro="GPP_PORTA3"></check>
            <check name="RA4" macro="GPP_PORTA4"></check>
            <check name="RA5" macro="GPP_PORTA5"></check>
            <check name="RA6" macro="GPP_PORTA6"></check>
            <check name="RA7" macro="GPP_PORTA7"></check>
          </list>    
          <list name="PORTB">
            <check name="RB0" macro="GPP_PORTB0"></check>
            <check name="RB1" macro="GPP_PORTB1"></check>
            <check name="RB2" macro="GPP_PORTB2"></check>
            <check name="RB3" macro="GPP_PORTB3"></check>
            <check name="RB4" macro="GPP_PORTB4"></check>
            <check name="RB5" macro="GPP_PORTB5"></check>
            <check name="RB6" macro="GPP_PORTB6"></check>
            <check name="RB7" macro="GPP_PORTB7"></check>
          </list>
          <list name="PORTC">
            <check name="RC0" macro="GPP_PORTC0"></check>
            <check name="RC1" macro="GPP_PORTC1"></check>
          </list>         
        </feature>
      </group>
      <group name="API Configuration" type="api">
        <func name="void gppOutputEnable(gpp, pn)" type="check">
          <comment>
            <return type="void"></return>
            <arg name="gpp" type="macro">
              <comment>port group name, can be GPPA, GPPB or GPPC</comment>
            </arg>
            <arg name="pn" type="macro">
              <comment>pin name, can be P7, P6 ..., P1</comment>
            </arg>
            <desc>Set port as output. e.g, gppOutputEnable(GPPB, P7|P2|P1)</desc>
          </comment>
        </func>
        <func name="void gppOutputDisable(gpp, pn)" type="check">
          <comment>
            <return type="void"></return>
            <arg name="gpp" type="macro">
              <comment>port group name, can be GPPA, GPPB or GPPC</comment>
            </arg>
            <arg name="pn" type="macro">
              <comment>pin name, can be P7, P6 ..., P1</comment>
            </arg>
            <desc>Set port as input. e.g, gppOutputDisable(GPPB, P7|P2|P1)</desc>
          </comment>
        </func>
        <func name="void gppRead(gpp)" type="check">
          <comment>
            <return type="void"></return>
            <arg name="gpp" type="macro">
              <comment>port group name, can be GPPA, GPPB or GPPC</comment>
            </arg>
            <desc>read port status. e.g gppRead(GPPB)</desc>
          </comment>
        </func>
        <func name="u8 gppReadSingle(gpp, pn)" type="check">
          <comment>
	          <return type="u8">pin status, return 0 or 1</return>
            <arg name="gpp" type="macro">
              <comment>port group name, can be GPPA, GPPB or GPPC</comment>
            </arg>
            <arg name="pn" type="macro">
              <comment>set target pin, can be P7, P6...,P0</comment>
            </arg>
            <desc>read status of a single pin, e.g gppReadSingle(GPPB, P1))</desc>
          </comment>
        </func>
        <func name="void gppHigh(gpp, pn)" type="check">
          <comment>
            <return type="void"></return>
            <arg name="gpp" type="macro">
		          <comment>port group name, can be GPPA, GPPB or GPPC</comment>
            </arg>
            <arg name="pn" type="macro">
              <comment>set target pin('s), can be P7, P6..., P0</comment>
            </arg>
            <desc>drive port to high, e.g gppHigh(GPPB, (P7|P2|P1))</desc>
          </comment>
        </func>
        <func name="void gppLow(gpp, pn)" type="check">
          <comment>
            <return type="void"></return>
            <arg name="gpp" type="macro">
		          <comment>port group name, can be GPPA, GPPB or GPPC</comment>
            </arg>
            <arg name="pn" type="macro">
              <comment>set target pin('s), can be P7, P6..., P0</comment>
            </arg>
            <desc>drive port to low, e.g gppLow(GPPB, (P7|P2|P1))</desc>
          </comment>
        </func>
        <func name="void gppToggle(gpp, pn)" type="check">
          <comment>
            <return type="void"></return>
            <arg name="gpp" type="macro">
              <comment>port group name, can be GPPA, GPPB or GPPC</comment>
            </arg>
            <arg name="pn" type="macro">
              <comment>set target pin('s), can be P7, P6..., P0</comment>
            </arg>
            <desc>Toggle port's output status, e.g gppToggle(GPPB, P7|P2|P1)</desc>
          </comment>
        </func>
        <func name="void sysPullupEnable()" type="check">
          <comment>Global pullup enable for RA/RB</comment>
        </func>        
        <func name="void sysPullupDisable()" type="check">
          <comment>Global pullup disable for RA/RB</comment>
        </func>        
        <func name="void gppPullupEnable(gpp, pn)" type="check">
          <comment>
            <return type="void">Enable I/O's internal pullup resistance</return>
            <arg name="gpp" type="macro">
              <comment>port group name, can be GPPA, GPPB or GPPC</comment>
            </arg>
            <arg name="pn" type="macro">
              <comment>target pin name, can be P7, P6..., P0</comment>
            </arg>
            <desc>Enable pin's internal pullup, e.g gppPullupEnable(GPPB, (P2|P0))</desc>
          </comment>
        </func>        
        <func name="void gppPullupDisable(gpp, pn)" type="check">
          <comment>
            <return type="void">Disable I/O's internal pullup resistance</return>
            <arg name="gpp" type="macro">
              <comment>port group name, can be GPPA, GPPB or GPPC</comment>
            </arg>
            <arg name="pn" type="macro">
              <comment>target pin name, can be P7, P6..., P0</comment>
            </arg>
            <desc>Disable pin's internal pullup, e.g gppPullupDisable(GPPB, (P2|P0))</desc>
          </comment>
        </func>        
        <func name="void gppPulldownEnable(gpp, pn)" type="check">
          <comment>
            <return type="void">Enable I/O's internal pulldown resistance</return>
            <arg name="gpp" type="macro">
              <comment>port group name, can be GPPA, GPPB or GPPC</comment>
            </arg>
            <arg name="pn" type="macro">
              <comment>target pin name, can be P7, P6..., P0</comment>
            </arg>
            <desc>Enable pin's internal pulldown, e.g gppPulldownEnable(GPPB, (P2|P0))</desc>
          </comment>
        </func>        
        <func name="void gppPulldownDisable(gpp, pn)" type="check">
          <comment>
            <return type="void">Disable I/O's internal pulldown resistance</return>
            <arg name="gpp" type="macro">
              <comment>port group name, can be GPPA, GPPB or GPPC</comment>
            </arg>
            <arg name="pn" type="macro">
              <comment>target pin name, can be P7, P6..., P0</comment>
            </arg>
            <desc>Disable pin's internal pulldown, e.g gppPulldownDisable(GPPB, (P2|P0))</desc>
          </comment>
        </func>        
      </group>
      <inc path="">FSYSCLK.h</inc>
      <inc path="">lgt8f690a_gpp.h</inc>
      <src path="">lgt8f690a_gpp.c</src>      
    </module> 
    <module name="External Interrupt" init="eintInit" keys="eint|int|ioca|iocb|ioc">
      <comment>Check to enable external interrupt configuration</comment>    
      <group name="Interrupters" type="irq">
        <vector name="IVN_HISR" macro="EINT_INTEN">
          <comment>Enable external interrupter (from RA1)</comment>
          <feature name="Triggle level select" type="option" macro="EINT_INTEDG">
            <option name="0x0 - falling edge"/>
            <option name="0x1 - rising edge"/>
            <comment>Interrupt trigger level coinfigure</comment>
          </feature>
        </vector>
        <vector name="IVN_HISR" macro="EINT_IOCAEN">
          <comment>Enable pin level change interrupt of RA[7:0]</comment>
          <feature name="Trigger source select" type="cklist" macro="null">
            <list name="RA">
              <check name="RA0" macro="EINT_IOCA0"/>
              <check name="RA1" macro="EINT_IOCA1"/>
              <check name="RA2" macro="EINT_IOCA2"/>
              <check name="RA3" macro="EINT_IOCA3"/>
              <check name="RA4" macro="EINT_IOCA4"/>
              <check name="RA5" macro="EINT_IOCA5"/>
              <check name="RA6" macro="EINT_IOCA6"/>
              <check name="RA7" macro="EINT_IOCA7"/>
            </list>
          </feature>
        </vector>
        <vector name="IVN_HISR" macro="EINT_IOCBEN">
          <comment>Enable pin level change interrupt of RB[7:0]</comment>
          <feature name="Trigger source select" type="cklist" macro="null">
            <list name="RB">
              <check name="RB0" macro="EINT_IOCB0"/>
              <check name="RB1" macro="EINT_IOCB1"/>
              <check name="RB2" macro="EINT_IOCB2"/>
              <check name="RB3" macro="EINT_IOCB3"/>
              <check name="RB4" macro="EINT_IOCB4"/>
              <check name="RB5" macro="EINT_IOCB5"/>
              <check name="RB6" macro="EINT_IOCB6"/>
              <check name="RB7" macro="EINT_IOCB7"/>
            </list>
          </feature>
        </vector>
      </group>
      <group name="API Configuration" type="api">
        <func name="void eintDisable()" type="check">
          <comment>Disable external interrupt. e.g, eintDisable()</comment>
        </func>
        <func name="void eintEnable()" type="check">
          <comment>Enable external interrupt. e.g, eintEnable()</comment>
        </func>
        <func name="void eintEnableIOC(port, pn)" type="check">
          <comment>
            <return type="void"></return>
            <arg name="port" type="macro">
              <comment>external port name, can be GPPA or GPPB</comment>
            </arg>
            <arg name="pn" type="macro">
		<comment>pin name, can be P0, P1... P7 or PALL</comment>
            </arg>
            <desc>Enable pin level change interrupt. e.g, eintEnableIOC(GPPB, P2)</desc>
          </comment>
        </func>
        <func name="void eintDisableIOC(port, pn)" type="check">
          <comment>
            <return type="void"></return>
            <arg name="port" type="macro">
              <comment>Port group name, can be GPPA or GPPB</comment>
            </arg>
            <arg name="pn" type="macro">
		<comment>pin name, can be P0, P1... P7 or PALL</comment>
            </arg>
            <desc>Disable pin level change interrupt. e.g, eintDisableIOC(GPPB, P0)</desc>
          </comment>
        </func>         
        <func name="bool eintTestIOCF(port, pn)" type="check">
          <comment>
            <return type="bool"></return>
            <arg name="port" type="macro">
              <comment>Port group name, can be GPPA or GPPB</comment>
            </arg>
            <arg name="pn" type="macro">
		<comment>pin name, can be P0, P1... P7 or PALL</comment>
            </arg>
	    <desc>Test if level change interrupt flag is set or not. e.g, if(eintTestIOCF(GPPB, P0)) {...}</desc>
          </comment>
        </func>         
        <func name="void eintClearIOCF(port, pn)" type="check">
          <comment>
            <return type="bool"></return>
            <arg name="port" type="macro">
              <comment>Port group name, can be GPPA or GPPB</comment>
            </arg>
            <arg name="pn" type="macro">
		<comment>pin name, can be P0, P1... P7 or PALL</comment>
            </arg>
	    <desc>e.g, eintClearIOCF(GPPB, P0) will clear level change interrupt flag caused by RB0</desc>
          </comment>
        </func>         
      </group>
      <inc path="">lgt8f690a_eint.h</inc>
      <src path="">lgt8f690a_eint.c</src>      
    </module>    
   <module name="USART Module" init="usartInit" keys="uart|usart|serial|rx|tx|rxd|txd|help">
      <comment>Check to enable USART module configuration</comment>
      <group name="configuration" type="macro">
        <feature name="USART Mode" type="option" macro="USART_USM">
          <option name="0x0 - Async. Mode"/>
          <option name="0x1 - Sync. Master"/>
          <option name="0x2 - Sync. Slave"/>
          <comment>select USART work mode</comment>
        </feature>
        <feature name="Baud Rate" type="option" macro="USART_BDR">
          <option name="9600 - 9600bps"/>
          <option name="19200 - 19200bps"/>
          <option name="38400 - 38400bps"/>
          <option name="56000 - 56000bps"/>
          <option name="57600 - 57600bps"/>
          <option name="115200 - 115200bps"/>
        </feature>
        <feature name="Data Width" type="option" macro="USART_USZ">
          <option name="0x0 - 8bit data"/>
          <option name="0x1 - 9bit data"/>
        </feature>
        <feature name="Enable UTX" type="check" macro="USART_TXEN" default="1">
		<comment>Check to enable transmitter i/f of USART</comment>
        </feature>                  
        <feature name="Enable URX" type="check" macro="USART_RXEN" default="1">
		<comment>Check to enable receiver i/f of USART</comment>
        </feature>                  
      </group>     
      <group name="Interrupters" type="irq">
        <vector name="IVN_HISR" macro="USART_RCIE" defalut="0">
          <comment>Enable USART Receive Complete interrupt</comment>
        </vector>
        <vector name="IVN_HISR" macro="USART_TXIE" default="0">
          <comment>Enable USART Transmit Complete interrupt</comment>
        </vector>
      </group>            
      <group name="API Configuration" type="api">
        <func name="void usartPutChar(char u8Char)" type="check">
          <comment>
            <return type="void"></return>
            <arg name="u8Char" type="char">Byte to transmit</arg>
            <desc>Trasmit a byte data to USART interface</desc>
            <desc>There is also an alias, named usartWriteByte()</desc>
          </comment>
        </func>
        <func name="char usartGetChar(void)" type="check">
          <comment>
            <return type="char">Byte received from USART interface</return>
            <desc>Receive a byte data from USART interface</desc>
            <desc>There is also an alias, named usartReadByte()</desc>
          </comment>
        </func>
        <func name="u8 usartGetCharAsync(char *rxd)" type="check">
          <comment>
            <return type="char">0 = no data comming, 1 = data received</return>
            <arg name="rxd" type="char*">byte address for received data</arg>
            <desc>Asynchronous version of usartGetChar()</desc>
            <desc>usartGetCharAsync() will return immmediately, so does not block main thread</desc>
            <desc>There is also an alias, named usartReadByteAsync()</desc>
          </comment>
        </func>
        <func name="void usartPutStr(char *str)" type="check">
          <comment>
            <return type="void"></return>
            <arg name="str" type="char*">string to transmit</arg>
            <desc>Transmit string buffer to USART interface</desc>
            <desc>There is also an alias, named usartWriteString()</desc>
          </comment>
        </func>
      </group>
      <inc>FSYSCLK.h</inc>      
      <src path="">lgt8f690a_usart.c</src>
      <inc path="">lgt8f690a_usart.h</inc>
    </module>   
    <module name="SPI Module" init="spiInit" keys="spi|mosi|miso|help">
      <comment>Check to enable SPI module configuration</comment>
      <group name="configuration" type="macro">        
	<feature name="SPI Mode Select" type="option" macro="SPI_SPIM">
          <option name="1 - SPI Master mode"/>
          <option name="0 - SPI Slave mode"/>
          <comment>Select SPI working mode</comment>
        </feature>
        <feature name="SPI Clock Settings" type="option" macro="SPI_SPCM">
          <option name="0x0 - MCLK/4"></option>
          <option name="0x1 - MCLK/16"/>
          <option name="0x2 - MCLK/64"/>
          <option name="0x3 - MCLK/128"/>
          <option name="0x4 - MCLK/2 (SPI2X mode)"/>
          <option name="0x5 - MCLK/8 (SPI2X mode)"/>
          <option name="0x6 - MCLK/32 (SPI2X mode)"/>
          <option name="0x7 - MCLK/64 (SPI2X mode)"/>
          <comment>Set clock rate for SPI bus</comment>
        </feature>
        <feature name="SPI Data order" type="option" macro="SPI_SPDORD">
	  <option name="0 - MSB transmit first">bit.7 transfered firstly</option>
	  <option name="1 - LSB transmit first">bit.0 transfer firstly</option>
	  <comment>Bit order for transmittion</comment>
        </feature>
        <feature name="SPI Data Mode" type="option" macro="SPI_SPDM" enable="dep::SPI_SPIM:0x1">
          <option name="0 - Single-Wire mode"/>
	  <option name="1 - Double-Wire mode">for master/receiver only</option>
          <comment>Set data wire mode for spi master</comment>
        </feature>
        <feature name="SPI Data Timing" type="option" macro="SPI_SPDT">
          <option name="0x0 - CPOL=0, CPHA=0">SPCK start from low level, sample data at rising edge, set data on falling edge</option>
          <option name="0x1 - CPOL=0, CPHA=1">SPCK start from low level, sample data at falling edge, set data on rising edge</option>
          <option name="0x2 - CPOL=1, CPHA=0">SPCK start from high level, sample data at rising edge, set data on falling edge</option>
          <option name="0x3 - CPOL=1, CPHA=1">SPCK start from high level, sample data at falling edge, set data on rising edge</option>
          <comment>SPI but type select</comment>
        </feature>
      </group>     
      <group name="API Configuration" type="api">
        <func name="void spiSPSSOFF()" type="check">
          <comment>Set [SPSS] pin to high level</comment>
          <comment>Used for SPI master mode to diselect a slave</comment>
        </func>
        <func name="void spiSPSSON()" type="check">
          <comment>Set [SPSS] pin to low level</comment>
          <comment>Used for SPI master mode to select a slave</comment>
        </func>
        <func name="u8 spiTransferByte(u8 data)" type="check">
          <comment>
            <return type="u8">return 8bit data serial in</return>
            <arg name="data" type="u8">data for serial out</arg>
            <desc>Exchange a byte between SPI master and slave</desc>
          </comment>
        </func>        
        <func name="void spiReadBuffer(u8 *rxbuf, u8 length)" type="check">
          <comment>
            <return type="void"></return>
	    <arg name="rxbuf" type="u8 *">data buffer for data in</arg>
            <arg name="length" type="u8">determine the length of transfer</arg>
            <desc>Read length of bytes from SPI Bus</desc>
          </comment>
        </func>    
        <func name="void spiWriteBuffer(u8 *txbuf, u8 length)" type="check">
          <comment>
            <return type="void"></return>
	    <arg name="txbuf" type="u8 *">data buffer for data out</arg>
            <arg name="length" type="u8">determine the length of transfer</arg>
            <desc>Write length of bytes to SPI Bus</desc>
          </comment>
        </func>    
        <func name="void spiTransferBuffer(u8 *txbuf, u8 *rxbuf, u8 length)" type="check">
          <comment>
            <return type="void"></return>
	    <arg name="txbuf" type="u8 *">data buffer for data out</arg>
	    <arg name="rxbuf" type="u8 *">data buffer for data in</arg>
            <arg name="length" type="u8">determine the length of transfer</arg>
            <desc>Exchange length of bytes between SPI master and slave</desc>
          </comment>
        </func>    
      </group>
      <inc>FSYSCLK.h</inc>      
      <src path="">lgt8f690a_spi.c</src>
      <inc path="">lgt8f690a_spi.h</inc>
    </module>
    <module name="I2C Module" init="i2cInit" keys="i2c|iic|twi|help">
      <comment>Check to enable I2C configuration</comment>
      <group name="configuration" type="macro">
        <feature name="I2C Mode select" type="option" macro="I2C_MODE">
          <option name="1 - I2C Master mode"/>
          <option name="0 - I2C Slave mode"/>
          <comment>Select I2C operation mode</comment>
        </feature>              
        <feature name="Enable internal pullup" type="check" macro="I2C_IPUP" default="1">
	  <comment>Check to enable internal pullup for SDA and SCL</comment>
        </feature>                  
        <feature name="I2C device address" type="text" macro="I2C_DADDR" default="0x20">
          <comment>Set 7bit device address. the address is used in slave mode or multiple master network.</comment>
        </feature>          
        <feature name="I2C Bit Rate Prescaler" type="option" macro="I2C_TWPS">
	  <option name="0x0 - Fscl = Fsys/10"/>
	  <option name="0x1 - Fscl = Fsys/20"/>
	  <option name="0x2 - Fscl = Fsys/40"/>
	  <option name="0x3 - Fscl = Fsys/64"/>
          <comment>Set I2C bit rate by Bit Rate Prescaler</comment>
        </feature>          
        <feature name="SDA pin assignment" type="option" macro="I2C_PSDA">
          <option name="0 - SDA on RA0"/>
	  <option name="1 - SDA on RC0"/>
	  <comment>select I2C/SDA output location</comment>
        </feature>
        <feature name="SCL pin assignment" type="option" macro="I2C_PSCL">
	  <option name="0 - I2C on RA1"/>
	  <option name="1 - SCL on RC1"/>
	  <comment>select I2C/SCL output location</comment>
        </feature>
      </group>
      <group name="API Configuration" type="api">
        <func name="void i2cSetDevAddress(u8 devAddr)" type="check">
          <comment>
            <return type="void"></return>
            <arg name="devAddr" type="u8">
              <comment>7bit device device address</comment>
            </arg>
            <desc>Set I2C device address</desc>
          </comment>
        </func>
        <func name="void i2cBeginTransmission(u8 trType)" type="check">
          <comment>
            <return type="void"></return>
            <arg name="trType" type="u8">
	      <comment>Read/Write mode for transmission</comment>
              <option name="I2C_READ">begin bus read transmission</option>
              <option name="I2C_WRITE">begin bus write transmission</option>
            </arg>
	    <desc>Only apply for I2C Master</desc>
          </comment>
        </func>
        <func name="void i2cBeginTransmission()" type="check">
          <comment>Only apply for I2C Slave</comment>
        </func>
        <func name="void i2cEndTransmission()" type="check">
          <comment>Disable I2C transmission and I2C module</comment>
        </func>
        <func name="char i2cReadByte()" type="check">
          <comment>
            <return type="char">data read from bus</return>
	    <desc>Only apply for I2C Master</desc>
          </comment>
        </func>
        <func name="char i2cWriteByte(u8 data)" type="check">
          <comment>
   	    <return type="char">return bus acknoledge, I2C_NAK or I2C_ACK</return>
            <arg name="data" type="u8">data will send to I2C bus</arg>
	    <desc>Only apply for I2C Master</desc>
          </comment>
        </func>
        <func name="char i2cWriteBuffer(char *txbuf, u8 length)" type="check">
          <comment>
	    <return type="char">return I2C_FAIL or I2C_SUCCESS</return>
            <arg name="txbuf" type="char *">
              <comment>data buffer will send to i2c bus</comment>
            </arg>   
            <arg name="length" type="u8">
              <comment>data length will send to i2c bus</comment>
            </arg>   
            <desc>Send length of data to i2c bus.</desc>
          </comment>
        </func>
        <func name="void i2cReadBuffer(char *rxbuf, u8 length)" type="check">
          <comment>
            <return type="void"></return>
            <arg name="rxbuf" type="char *">
              <comment>data buffer to store data read from bus</comment>
            </arg>   
            <arg name="length" type="u8">
              <comment>data length to read</comment>
            </arg>   
            <desc>Read length of data from i2c bus.</desc>
          </comment>
        </func>
      </group>
      <inc path="">FSYSCLK.h</inc>
      <inc path="">lgt8f690a_iic.h</inc>
      <src path="">lgt8f690a_iic.c</src>
      <usr path=""></usr>
    </module>    
    <module name="WatchDog Timer" init="wdtInit" keys="wdt|wdr|help">
      <comment>Check to enable WDT module</comment>
      <group name="baisc configuration" type="macro">
        <feature name="System perscaler assignment" type="option" macro="SYS_PSA">
          <option name="0x0 - system prescaler for TMR0"/>
          <option name="0x1 - system prescaler for WDT"/>
          <comment>Note that system perscaler is shared by TMR0 and WDT</comment>
          <comment>It can be configured to TMR0 or WDT, but not both</comment>
        </feature>
        <feature name="System prescalar settings" type="option" macro="WDT_SPS" enable="dep::SYS_PSA:1">
	  <option name="0x0 - 1:1">no scaler</option>
          <option name="0x1 - 1:2">divided by 2</option>  
          <option name="0x2 - 1:4">divided by 4</option>  
          <option name="0x3 - 1:8">divided by 8</option>  
	  <option name="0x4 - 1:16">divided by 16</option>  
          <option name="0x5 - 1:32">divided by 32</option>  
          <option name="0x6 - 1:64">divided by 64</option>  
          <option name="0x7 - 1:128">divided by 128</option>  
          <comment>System prescalar settings for WDT</comment>
        </feature>        
        <feature name="WDT prescalar settings" type="option" macro="WDT_DPS">
	  <option name="0x4 - 1:512">divided by 512</option>  
	  <option name="0x0 - 1:32">divided by 32</option>
          <option name="0x1 - 1:64">divided by 64</option>  
          <option name="0x2 - 1:128">divided by 128</option>  
          <option name="0x3 - 1:256">divided by 256</option>  
	  <option name="0x5 - 1:1024">divided by 1024</option>  
          <option name="0x6 - 1:2048">divided by 2048</option>  
          <option name="0x7 - 1:4096">divided by 4096</option>  
          <option name="0x8 - 1:8192">divided by 8192</option>  
          <option name="0x9 - 1:16384">divided by 16384</option>  
          <option name="0xA - 1:32768">divided by 32768</option>  
          <option name="0xB - 1:65536">divided by 65536</option>  
          <comment>WDT dedicated prescalar settings</comment>
        </feature>        
        <feature name="WDT start control" type="check" macro="WDT_STM" default="1">
          <comment>check to start WDT immediately after initialization</comment>
          <comment>uncheck to leave start by software. e.g, by wdtStart()</comment>
        </feature>          
      </group>
      <group name="API Configuration" type="api">
        <func name="void wdtStart()" type="check">
          <comment>Start WDT module</comment>
        </func>
        <func name="void wdtStop()" type="check">
          <comment>Disable WDT module</comment>
        </func>                        
        <func name="void wdtReset()" type="check">
          <comment>Reset WDT timer, or feed the dog!</comment>
        </func>                                   
      </group>
      <inc>FSYSCLK.h</inc>
      <inc path="">lgt8f690a_wdt.h</inc>
    </module>  
    <module name="Timer/Counter 0" init="tc0Init" keys="tc0|tc|timer0|timer|help">
      <comment>Check to enable 8bit Timer/Counter 0 configuration</comment>
      <group name="configuration" type="macro">
        <feature name="Clock source for TMR0" type="option" macro="TC0_CSX">
          <option name="0x0 - sync. to instruction cycle">synchronous counter to instruction cycle</option>
          <option name="0x1 - falling edge of external T0">clock from external pin T0</option>
          <option name="0x2 - rising edge of external T0">clock from external pin T0</option>        
	  <comment>check to select clock source for TMR0</comment>
        </feature>         
        <feature name="System perscaler assignment" type="option" macro="SYS_PSA">
          <option name="0x0 - system prescaler for TMR0"/>
          <option name="0x1 - system prescaler for WDT"/>
          <comment>Note that system perscaler is shared by TMR0 and WDT</comment>
          <comment>It should be configured to TMR0 or WDT, but not both</comment>
        </feature>
        <feature name="System rescalar settings" type="option" macro="TC0_SPS" enable="dep::SYS_PSA:0">
	  <option name="0x0 - 1:2">counter event divided by 2 </option>
          <option name="0x1 - 1:4">counter event divided by 4</option>  
          <option name="0x2 - 1:8">counter event divided by 8</option>  
          <option name="0x3 - 1:16">counter event divided by 16</option>  
          <option name="0x4 - 1:32">counter event divided by 32</option>  
          <option name="0x5 - 1:64">counter event divided by 64</option>  
          <option name="0x6 - 1:128">counter event divided by 128</option>  
          <option name="0x7 - 1:256">counter event divided by 256</option>  
          <comment>Timer0 prescalar for counter event</comment>
        </feature>        
        <feature name="Value of counter register (TMR0)" type="text" macro="TC0_TMR0" default="0x00">
          <comment>given initial value for counter register (8bit) (TMR0)</comment>
        </feature>          
      </group>
      <group name="Interrupters" type="irq">
        <vector name="IVN_HISR" type="check" macro="TC0_T0IE">
          <comment>Enable Timer0 Overflow interrupt</comment>
        </vector>
      </group>
      <group name="API Configuration" type="api">
        <func name="void tc0Stop()" type="check">
          <comment>stop timer</comment>
        </func>
        <func name="void tc0Start()" type="check">
          <comment>start timer</comment>
          <comment>use to restart timer if it's stoped by tc0Stop()</comment>
        </func>
        <func name="void tc0Reload(u8 value)" type="check">
          <comment>reload counter register of TMR0</comment>
        </func>
        <func name="void tc0InterruptEnable()" type="check">
          <comment>enable overflow interrupt of TMR0</comment>
        </func>
        <func name="void tc0InterruptDisable()" type="check">
          <comment>disable overflow interrupt of TMR0</comment>
        </func>
        <func name="u8 tc0InterruptFlag()" type="check">
          <comment>return TMR0 overflow interrupt status:</comment>
          <comment>0 = interrupt not enabled or not happen</comment>
          <comment>1 = overflow interrupt is valid</comment>
        </func>
        <func name="void tc0InterruptClear()" type="check">
          <comment>clear interrupter flag of TMR0</comment>
        </func>
      </group>
      <inc path="">FSYSCLK.h</inc>
      <inc path="">lgt8f690a_tc0.h</inc>
    </module>    
    <module name="Timer/Counter 1" init="tc1Init" keys="tc1|tc|timer1|timer|pwm|help">
      <comment>Check to enable 16bit Timer/Counter 1 configuration</comment>
      <group name="basic configuration" type="macro">
        <feature name="Clock source for TMR1" type="option" macro="TC1_CSX">
          <option name="0x0 - instruction cycle">sync. counter clock to instruction cycle</option>
          <option name="0x1 - system clock (Fsys)">using system clock (Fsys)</option>
          <option name="0x2 - from external LFEXTOSC">clock from external low frequency crystal</option>
          <option name="0x3 - from external T1CKI">clock from external input (T1CKI)</option>        
          <option name="0x4 - from internal LFINTOSC">clock from internal 32KHz RCOSC</option>        
	  <comment>check to select clock source for TMR1</comment>
        </feature>         
        <feature name="Gate control of TMR1" type="check" macro="TC1_TGEN">
	  <comment>check to enable gate control of TMR1</comment>
        </feature>         
        <feature name="Input for gate control" type="option" macro="AC_T1GS" enable="dep::TC1_TGEN:1">
          <option name="0 - Gated by ACO">TMR1 gated by internal AC's output</option>
	  <option name="1 - Gated by T1G">TMR1 gated by external T1G/RA0</option>
	  <comment>check to select gate source for TMR1</comment>
        </feature>         
        <feature name="T1G polarity control" type="check" macro="TC1_T1GINV" enable="dep::TC1_TGEN:1">
	  <comment>check to use high level of T1G for gate</comment>
	  <comment>uncheck to use low level of T1G for gate</comment>
        </feature>         
        <feature name="Clock prescaler" type="option" macro="TC1_CKPS">
	  <option name="0x0 - no scaler">no clock prescaler</option>
	  <option name="0x1 - 1/2 scaler">divided by 2</option>  
	  <option name="0x2 - 1/4 scaler">divided by 4</option>  
	  <option name="0x3 - 1/8 scaler">divided by 8</option>  
          <comment>TMR1 prescalar for counter clock</comment>
        </feature>        
        <feature name="Value of period register (PR1)" type="text" macro="TC1_PR1" default="0x0000">
          <comment>given initial value for period register (16bit) (PR1)</comment>
        </feature>          
      </group>
      <group name="ECP1 Configuration" type="ftsub">
        <ftsub name="ECP1_T1CX" type="check" macro="ECP1_CHX">
	  <comment>Common settings for all ECP1 PWM/Capture channels</comment>
          <feature name="Duty Ratio update mode" type="option" macro="ECP1_DCLM">
	    <option name="0x0 - Instant Mode">update duty ratio immediately</option>
	    <option name="0x1 - Overflow Mode">update duty ratio while timer overflow</option>  
	    <comment>Select duty ratio update mode for T1C1</comment>
          </feature>      
          <feature name="Encoder counter mode" type="option" macro="ECP1_ENCM">
	    <option name="0x0 - disable encoder"></option>  
	    <option name="0x1 - counter at EI1/T1C2"></option>  
	    <option name="0x2 - counter at EI2/T1C3"></option>  
	    <option name="0x3 - counter at both of EI1/EI2"></option>  
	    <comment>Select encoder counter mode for channel of T1C2 and T1C3</comment>
          </feature>      
          <feature name="Encoder counter direction" type="option" macro="ECP1_ENCDIR">
	    <option name="0x0 - invert, decrease counter"></option>  
	    <option name="0x1 - normal, increase counter"></option>  
	    <comment>Select encoder counter direction for channel of T1C2 and T1C3</comment>
          </feature>      
	</ftsub>
        <ftsub name="ECP1_T1C1" type="check" macro="ECP1_CH1EN">
	  <comment>Check to enable PWM/Capture for channel T1C1</comment>
          <feature name="T1C1 Operation Mode" type="option" macro="ECP1_C1M">
	    <option name="0x0 - PWM Mode">enable PWM output to T1C1</option>
	    <option name="0x1 - Capture Mode">enable input capture from T1C1</option>  
	    <comment>Select T1C1 operation mode</comment>
          </feature>      
          <feature name="T1C1 pin assignment" type="option" macro="ECP1_C1AS">
	    <option name="0x0 - T1C1 on RB4">enable T1C1 on RB4</option>
	    <option name="0x1 - T1C1 on RA4">enable T1C1 on RA4</option>  
	    <comment>Select T1C1 I/O assignment (for PWM or Capture)</comment>
          </feature>      
	  <feature name="T1C1 input/output polarity" type="check" macro="ECP1_C1POL">
	    <comment>check to invert T1C1 input/output polarity</comment>
          </feature>      
          <feature name="T1C1 capture source select" type="option" macro="ECP1_SS1" enable="dep::ECP1_C1M:0x1">
	    <option name="0x0 - from T1C1">capture from T1C1</option>  
	    <option name="0x1 - from T1C2">capture from T1C2</option>  
	    <option name="0x2 - from T1C3">capture from T1C3</option>  
	    <option name="0x3 - T1C3^T1C2^T1C1">from XOR of T1C3, T1C2 and T1C1</option>
	    <comment>Select input source for T1C1 capture mode</comment>
          </feature>      
	  <feature name="Enable T1C1/PWM output" type="check" macro="ECP1_C1OE" enable="dep::ECP1_C1M:0x0">
	    <comment>check to enable T1C1/PWM output</comment>
          </feature>      
          <feature name="T1C1 Duty Ratio Register" type="text" macro="ECP1_ECDR1" default="0x0000" enable="dep::ECP1_C1M:0x0">
	    <comment>Set duty ratio for T1C1 in PWM mode. set PWM frequency by PR1</comment>
          </feature>      
        </ftsub>      
        <ftsub name="ECP1_T1C2" type="check" macro="ECP1_CH2EN">
	  <comment>Check to enable PWM/Capture for channel T1C2</comment>
          <feature name="T1C2 Operation Mode" type="option" macro="ECP1_C2M">
	    <option name="0x0 - PWM Mode">enable PWM output to T1C2</option>
	    <option name="0x1 - Capture Mode">enable input capture from T1C2</option>  
	    <comment>Select T1C1 operation mode</comment>
          </feature>      
	  <feature name="T1C2 input/output polarity" type="check" macro="ECP1_C2POL">
	    <comment>check to invert T1C2 input/output polarity</comment>
          </feature>      
          <feature name="Enable T1C2 PWM output" type="check" macro="ECP1_C2OE" enable="dep::ECP1_C2M:0x0">
	    <comment>check to enable T1C2/PWM output</comment>
          </feature>      
          <feature name="T1C2 Duty Ratio Register" type="text" macro="ECP1_ECDR2" default="0x0000" enable="dep::ECP1_C2M:0x0">
	    <comment>Set duty ratio for T1C2 in PWM mode. set PWM frequency by PR1</comment>
          </feature>      
          <feature name="T1C2 capture source select" type="option" macro="ECP1_SS2" enable="dep::ECP1_C2M:0x1">
	    <option name="0x0 - from external T1C2">capture from T1C2 input</option>  
	    <option name="0x1 - from internal TMR0IF">capture from overflow event of TMR0</option>  
	    <comment>Select input source for T1C2 capture mode</comment>
          </feature>      
        </ftsub>      
        <ftsub name="ECP1_T1C3" type="check" macro="ECP1_CH3EN">
	  <comment>Check to enable PWM/Capture for channel T1C3</comment>
          <feature name="T1C3 Operation Mode" type="option" macro="ECP1_C3M">
	    <option name="0x0 - PWM Mode">enable PWM output to T1C3</option>
	    <option name="0x1 - Capture Mode">enable input capture from T1C3</option>  
          </feature>      
          <feature name="T1C3 pin assignment" type="option" macro="ECP1_C3AS">
	    <option name="0x0 - T1C3 on RA6">enable T1C3 on RA6</option>
	    <option name="0x1 - T1C3 on RB2">enable T1C3 on RB2</option>  
	    <comment>Select T1C3 I/O assignment (for PWM or Capture)</comment>
          </feature>      
	  <feature name="T1C3 input/output polarity" type="check" macro="ECP1_C3POL">
	    <comment>check to invert T1C3 input/output polarity</comment>
          </feature>      
          <feature name="T1C3 capture source select" type="option" macro="ECP1_SS3" enable="dep::ECP1_C3M:0x1">
	    <option name="0x0 - from external T1C3">capture from T1C3 input</option>  
	    <option name="0x1 - from internal Encoder ">capture from direction flag of Encoder</option>  
	    <comment>Select input source for T1C3 capture mode</comment>
          </feature>      
          <feature name="Enable T1C3 PWM output" type="check" macro="ECP1_C3OE" enable="dep::ECP1_C3M:0x0">
	    <comment>check to enable T1C3/PWM output</comment>
          </feature>      
          <feature name="T1C3 Duty Ratio Register" type="text" macro="ECP1_ECDR3" default="0x0000" enable="dep::ECP1_C3M:0x0">
	    <comment>Set duty ratio for T1C3 in PWM mode. set PWM frequency by PR1</comment>
          </feature>      
        </ftsub>      
      </group>
      <group name="Interrupters" type="irq">
        <vector name="IVN_HISR" type="check" macro="TC1_T1IE">
          <comment>Enable Timer1 Overflow (TMR1 = PR1) interrupt</comment>
        </vector>
        <vector name="IVN_HISR" type="check" macro="ECP1_CCP1IE">
          <comment>Enable ECP1 interrupt request. All interrupts of ECP1 share one entry</comment>
          <feature name="Interrupt source select" type="cklist2" macro="null">           
            <list>
              <check name="Enable ECP1 channel 1 interrupt request" macro="ECP1_IE1"/>
              <check name="Enable ECP1 channel 2 interrupt request" macro="ECP1_IE2"/>
              <check name="Enable ECP1 channel 3 interrupt request" macro="ECP1_IE3"/>
            </list>          
          </feature>		
        </vector>
      </group>
      <group name="API Configuration" type="api">
        <func name="void tc1Stop()" type="check">
          <comment>Stop TMR1</comment>
        </func>
        <func name="void tc1Start()" type="check">
          <comment>Start TMR1</comment>
          <comment>use to restart timer if it's stoped by tc1Stop()</comment>
        </func>
        <func name="void t1c1OutputEnable()" type="check">
	  <comment>enable T1C1/PWM output</comment>
        </func>
        <func name="void t1c1OutputDisable()" type="check">
	  <comment>disable T1C1/PWM output</comment>
        </func>
        <func name="void t1c2OutputEnable()" type="check">
	  <comment>enable T1C2/PWM output</comment>
        </func>
        <func name="void t1c2OutputDisable()" type="check">
	  <comment>disable T1C2/PWM output</comment>
        </func>
        <func name="void t1c3OutputEnable()" type="check">
	  <comment>enable T1C3/PWM output</comment>
        </func>
        <func name="void t1c3OutputDisable()" type="check">
	  <comment>disable T1C3/PWM output</comment>
        </func>
        <func name="void tc1SetPR1(u16 value)" type="check">
          <comment>Set period register PR1 of TMR1</comment>
        </func>
        <func name="void tc1SetPeriod(u16 value)" type="check">
          <comment>equal to tc1SetPR1(value)</comment>
        </func>
        <func name="void t1c1SetDuty(u16 value)" type="check">
          <comment>Set duty ratio register T1C1</comment>
        </func>
        <func name="void t1c2SetDuty(u16 value)" type="check">
          <comment>Set duty ratio register T1C2</comment>
        </func>
        <func name="void t1c3SetDuty(u16 value)" type="check">
          <comment>Set duty ratio register T1C3</comment>
        </func>
        <func name="u16 t1c1GetCapture()" type="check">
          <comment>Get capture register of T1C1</comment>
        </func>
        <func name="u16 t1c2GetCapture()" type="check">
          <comment>Get capture register of T1C2</comment>
        </func>
        <func name="u16 t1c3GetCapture()" type="check">
          <comment>Get capture register of T1C3</comment>
        </func>
        <func name="void tc1InterruptEnable()" type="check">
	  <comment>enable TMR1 overflow interrupt</comment>
        </func>
        <func name="void tc1InterruptDisable()" type="check">
	  <comment>disable TMR1 overflow interrupt</comment>
        </func>
        <func name="u8 tc1InterruptFlag()" type="check">
	  <comment>return TMR1 overflow interrupt status</comment>
        </func>
        <func name="void tc1InterruptClear()" type="check">
	  <comment>clear TMR1 overflow interrupt status</comment>
        </func>
        <func name="u8 ecp1InterruptEnable()" type="check">
	  <comment>enable ECP1 interrupt</comment>
        </func>
        <func name="u8 ecp1InterruptDisable()" type="check">
	  <comment>disable ECP1 interrupt</comment>
        </func>
        <func name="u8 ecp1InterruptFlag()" type="check">
	  <comment>return ECP1 interrupt status</comment>
        </func>
        <func name="u8 t1c1InterruptFlag()" type="check">
	  <comment>to check if ECP1 interrupt caused by T1C1 channel</comment>
        </func>
        <func name="u8 t1c2InterruptFlag()" type="check">
	  <comment>to check if ECP1 interrupt caused by T1C2 channel</comment>
        </func>
        <func name="u8 t1c3InterruptFlag()" type="check">
	  <comment>to check if ECP1 interrupt caused by T1C3 channel</comment>
        </func>
        <func name="void ecp1InterruptClear()" type="check">
	  <comment>clear ECP1 interrupt status, include ECP1_IF1/2/3</comment>
        </func>
      </group>
      <inc path="">FSYSCLK.h</inc>
      <inc path="">lgt8f690a_misc.h</inc>
      <inc path="">lgt8f690a_tc1.h</inc>
      <src path="">lgt8f690a_misc.c</src>
      <src path="">lgt8f690a_tc1.c</src>
    </module>    
    <module name="Timer/Counter 2" init="tc2Init" keys="tc2|tc|timer2|timer|pwm|help">
      <comment>Check to enable 16bit Timer/Counter 2 configuration</comment>
      <group name="basic configuration" type="macro">
        <feature name="Clock source for TMR2" type="option" macro="TC2_CSX">
          <option name="0x0 - Instruction cycle">Sync. counter clock to instruction cycle</option>
          <option name="0x1 - High Speed Clock (2xHFINTOSC)">Using frequency double of HFINTOSC (up to 32MHz)</option>
	  <comment>check to select clock source for TMR2</comment>
        </feature>         
        <feature name="Counter direction of TMR2" type="option" macro="TC2_DIR">
          <option name="0x0 - decrease counter">count down</option>
          <option name="0x1 - increase counter">count up</option>
	  <comment>Set count direction for TMR2</comment>
        </feature>         
        <feature name="Clock prescaler" type="option" macro="TC2_PRS">
	  <option name="0x0 - no scaler">no clock prescaler</option>
	  <option name="0x1 - 1/4 scaler">divided by 4</option>  
	  <option name="0x2 - 1/16 scaler">divided by 16</option>  
          <comment>Prescaler for counter clock</comment>
        </feature>        
        <feature name="Clock postscaler" type="option" macro="TC2_POS">
	  <option name="0x0 - no scaler">no postcaler</option>
	  <option name="0x1 - 1/2 scaler">divided by 2</option>  
	  <option name="0x2 - 1/3 scaler">divided by 3</option>  
	  <option name="0x3 - 1/4 scaler">divided by 4</option>  
	  <option name="0x4 - 1/5 scaler">divided by 5</option>  
	  <option name="0x5 - 1/6 scaler">divided by 6</option>  
	  <option name="0x6 - 1/7 scaler">divided by 7</option>  
	  <option name="0x7 - 1/8 scaler">divided by 8</option>  
	  <option name="0x8 - 1/9 scaler">divided by 9</option>  
	  <option name="0x9 - 1/10 scaler">divided by 10</option>  
	  <option name="0xA - 1/11 scaler">divided by 11</option>  
	  <option name="0xB - 1/12 scaler">divided by 12</option>  
	  <option name="0xC - 1/13 scaler">divided by 13</option>  
	  <option name="0xD - 1/14 scaler">divided by 14</option>  
	  <option name="0xE - 1/15 scaler">divided by 15</option>  
	  <option name="0xF - 1/16 scaler">divided by 16</option>  
          <comment>Postscalar for counter clock</comment>
        </feature>        
        <feature name="Value of period register (PR2)" type="text" macro="TC2_PR2" default="0x0000">
          <comment>given initial value for period register (16bit) (PR2)</comment>
        </feature>          
      </group>
      <group name="ECP2 Configuration" type="ftsub">
        <ftsub name="ECP2_T2CX" type="check" macro="ECP2_CHX">
	  <comment>Common settings for all ECP2 PWM/Capture channels</comment>
          <feature name="PWM align mode" type="option" macro="ECP2_PM">
	    <option name="0x0 - Edge aligned mode"></option>
	    <option name="0x1 - Center aligned mode"></option>  
	    <comment>PWM align mode will apply to all the PWM channels (T2C1/2/3/4)</comment>
          </feature>      
          <feature name="Duty Ratio update mode" type="option" macro="ECP2_DCLM">
	    <option name="0x0 - Instant Mode">update duty ratio immediately</option>
	    <option name="0x1 - Overflow Mode">update duty ratio while timer overflow</option>  
	    <comment>Select duty ratio update mode for all channel (T2C1/2/3/4)</comment>
          </feature>      
          <feature name="T2C1 dead-band cycle" type="text" macro="ECP2_DTP" default="0x00">
            <comment>T2Cx channel dead-band settings for complementary PWM output mode</comment>
	    <comment>This settings is shared by all complementary channel (T2C1/2/3)</comment>
	    <comment>Please refer to databook for dead-band caculation (P.81)</comment>
          </feature>          
          <feature name="T2C1N dead-band cycle" type="text" macro="ECP2_DTN" default="0x00">
            <comment>T2CxN channel dead-band settings for complementary PWM output mode</comment>
	    <comment>This settings is shared by all complementary channel (T2C1N/2N/3N)</comment>
	    <comment>Please refer to databook for dead-band caculation (P.81)</comment>
          </feature>          
          <feature name="PWM auto-shutdown control" type="check" macro="ECP2_ASE">
	    <comment>check to enable ECP2/PWM shutdown control</comment>
          </feature>      
          <feature name="Auto-shutdown source 2" type="check" macro="ECP2_ASSE2" enable="dep::ECP2_ASE:1">
	    <comment>check to enable external break (T2BK) for shutdown control</comment>
	    <comment>high level of T2BK will triggle shutdown.</comment>
          </feature>      
          <feature name="T2BK polarity control" type="check" macro="ECP2_T2BKP" enable="dep::ECP2_ASSE2:1">
	    <comment>check to invert the polarity of T2BK input</comment>
          </feature>      
	  <feature name="T2BK I/O assignment" type="option" macro="ECP2_T2BKAS" enable="dep::ECP2_ASSE2:1">
	    <option name="0x0 - T2BK from RA4"></option>
	    <option name="0x1 - T2BK from RA0"></option>  
	    <comment>Select the source for T2BK input</comment>
          </feature>          
          <feature name="Auto-shutdown source 1" type="check" macro="ECP2_ASSE1" enable="dep::ECP2_ASE:1">
	    <comment>check to enable ACO for shutdown control</comment>
	    <comment>high level of ACO will triggle shutdown</comment>
          </feature>      
          <feature name="Auto-shutdown source 0" type="check" macro="ECP2_ASSE0" enable="dep::ECP2_ASE:1">
	    <comment>check to enable TMR0IF for shutdown control</comment>
	    <comment>high level of TMR0IF will triggle shutdown</comment>
          </feature> 
	</ftsub>
        <ftsub name="ECP2_T2C1" type="check" macro="ECP2_CH1EN">
	  <comment>Check to enable PWM/Capture for channel T2C1</comment>
          <feature name="T2C1 Operation Mode" type="option" macro="ECP2_C1M">
	    <option name="0x0 - PWM Mode">enable PWM output to T2C1</option>
	    <option name="0x1 - Capture Mode">enable input capture from T2C1</option>  
	    <comment>Select T2C1 operation mode</comment>
          </feature>      
	  <feature name="T2C1 input/output polarity" type="check" macro="ECP2_C1POL">
	    <comment>check to invert T2C1 input/output polarity</comment>
          </feature>      
          <feature name="T2C1 PWM output enable" type="check" macro="ECP2_C1OE" enable="dep::ECP2_C1M:0x0">
	    <comment>check to enable T2C1/PWM output</comment>
          </feature>      
          <feature name="T2C1 PWM complementrary Mode" type="check" macro="ECP2_C1PCM" enable="dep::ECP2_C1M:0x0">
	    <comment>check to enable T2C1/PWM complementary output (T2C1N)</comment>
          </feature>      
          <feature name="T2C1N PWM output enable" type="check" macro="ECP2_C1NOE" enable="dep::ECP2_C1M:0x0">
	    <comment>check to enable T2C1N/PWM output</comment>
          </feature>      
	  <feature name="T2C1N output polarity" type="check" macro="ECP2_C1NPOL" enable="dep::ECP2_C1M:0x0">
	    <comment>check to invert T2C1N output polarity</comment>
          </feature>      
          <feature name="T2C1 Duty Ratio Register" type="text" macro="ECP2_ECDR1" default="0x0000" enable="dep::ECP2_C1M:0x0">
	    <comment>Set duty ratio for T2C1 in PWM mode. set PWM frequency by PR2</comment>
          </feature>      
          <feature name="T2C1 Auto-Shutdown control" type="check" macro="ECP2_ASDE1" enable="dep::ECP2_C1M:0x0">
	    <comment>check to enable auto-shutdown for T2C1 and T2C1N channel</comment>
          </feature>      
          <feature name="T2C1 status after shutdown" type="option" macro="ECP2_PSS1" enable="dep::ECP2_C1M:0x0">
	    <option name="0x0 - drive to low level"></option>
	    <option name="0x1 - drive to high level"></option>  
	    <comment>Select T2C1 output status after its auto-shutdown</comment>
          </feature>      
          <feature name="T2C1N status after shutdown" type="option" macro="ECP2_PSS1N" enable="dep::ECP2_C1M:0x0">
	    <option name="0x0 - drive to low level"></option>
	    <option name="0x1 - drive to high level"></option>  
	    <comment>Select T2C1N output status after its auto-shutdown</comment>
          </feature>      
        </ftsub>      
        <ftsub name="ECP2_T2C2" type="check" macro="ECP2_CH2EN">
	  <comment>Check to enable PWM/Capture for channel T2C2</comment>
          <feature name="T2C2 Operation Mode" type="option" macro="ECP2_C2M">
	    <option name="0x0 - PWM Mode">enable PWM output to T2C2</option>
	    <option name="0x1 - Capture Mode">enable input capture from T2C2</option>  
	    <comment>Select T2C2 operation mode</comment>
          </feature>      
	  <feature name="T2C2 input/output polarity" type="check" macro="ECP2_C2POL">
	    <comment>check to invert T2C2 input/output polarity</comment>
          </feature>      
          <feature name="T2C2 PWM output enable" type="check" macro="ECP2_C2OE" enable="dep::ECP2_C2M:0x0">
	    <comment>check to enable T2C2/PWM output</comment>
          </feature>      
          <feature name="T2C2 PWM complementrary Mode" type="check" macro="ECP2_C2PCM" enable="dep::ECP2_C2M:0x0">
	    <comment>check to enable T2C2/PWM complementary output (T2C2N)</comment>
          </feature>      
          <feature name="T2C2N PWM output enable" type="check" macro="ECP2_C2NOE" enable="dep::ECP2_C2M:0x0">
	    <comment>check to enable T2C2N/PWM output</comment>
          </feature>      
	  <feature name="T2C2N output polarity" type="check" macro="ECP2_C2NPOL" enable="dep::ECP2_C2M:0x0">
	    <comment>check to invert T2C2N output polarity</comment>
          </feature>      
          <feature name="T2C2 Duty Ratio Register" type="text" macro="ECP2_ECDR2" default="0x0000" enable="dep::ECP2_C2M:0x0">
	    <comment>Set duty ratio for T2C2 in PWM mode. set PWM frequency by PR2</comment>
          </feature>      
          <feature name="T2C2 Auto-Shutdown control" type="check" macro="ECP2_ASDE2" enable="dep::ECP2_C2M:0x0">
	    <comment>check to enable auto-shutdown for T2C2 and T2C2N channel</comment>
          </feature>      
          <feature name="T2C2 status after shutdown" type="option" macro="ECP2_PSS2" enable="dep::ECP2_C2M:0x0">
	    <option name="0x0 - drive to low level"></option>
	    <option name="0x1 - drive to high level"></option>  
	    <comment>Select T2C2 output status after its auto-shutdown</comment>
          </feature>      
          <feature name="T2C2N status after shutdown" type="option" macro="ECP2_PSS2N" enable="dep::ECP2_C2M:0x0">
	    <option name="0x0 - drive to low level"></option>
	    <option name="0x1 - drive to high level"></option>  
	    <comment>Select T2C2N output status after its auto-shutdown</comment>
          </feature>      
        </ftsub>      
        <ftsub name="ECP2_T2C3" type="check" macro="ECP2_CH3EN">
	  <comment>Check to enable PWM/Capture for channel T2C3</comment>
          <feature name="T2C3 Operation Mode" type="option" macro="ECP2_C3M">
	    <option name="0x0 - PWM Mode">enable PWM output to T2C3</option>
	    <option name="0x1 - Capture Mode">enable input capture from T2C3</option>  
	    <comment>Select T2C3 operation mode</comment>
          </feature>      
          <feature name="T2C3 pin assignment" type="option" macro="ECP2_C3AS">
	    <option name="0x0 - T2C3 on RA2">enable T2C3 on RA2</option>
	    <option name="0x1 - T2C3 on RA4">enable T2C3 on RA4</option>  
	    <option name="0x2 - T2C3 on RA6">enable T2C3 on RA6</option>  
	    <comment>Select T2C3 I/O assignment (for PWM or Capture)</comment>
          </feature>      
	  <feature name="T2C3 input/output polarity" type="check" macro="ECP2_C3POL">
	    <comment>check to invert T2C3 input/output polarity</comment>
          </feature>      
          <feature name="T2C3 PWM output enable" type="check" macro="ECP2_C3OE" enable="dep::ECP2_C3M:0x0">
	    <comment>check to enable T2C3/PWM output</comment>
          </feature>      
          <feature name="T2C3 PWM complementrary Mode" type="check" macro="ECP2_C3PCM" enable="dep::ECP2_C3M:0x0">
	    <comment>check to enable T2C3/PWM complementary output (T2C3N)</comment>
          </feature>      
          <feature name="T2C3N PWM output enable" type="check" macro="ECP2_C3NOE" enable="dep::ECP2_C3M:0x0">
	    <comment>check to enable T2C3N/PWM output</comment>
          </feature>      
	  <feature name="T2C3N output polarity" type="check" macro="ECP2_C3NPOL" enable="dep::ECP2_C3M:0x0">
	    <comment>check to invert T2C3N output polarity</comment>
          </feature>      
          <feature name="T2C3 Duty Ratio Register" type="text" macro="ECP2_ECDR3" default="0x0000" enable="dep::ECP2_C3M:0x0">
	    <comment>Set duty ratio for T2C3 in PWM mode. set PWM frequency by PR2</comment>
          </feature>      
          <feature name="T2C3 Auto-Shutdown control" type="check" macro="ECP2_ASDE3" enable="dep::ECP2_C3M:0x0">
	    <comment>check to enable auto-shutdown for T2C3 and T2C3N channel</comment>
          </feature>      
          <feature name="T2C3 status after shutdown" type="option" macro="ECP2_PSS3" enable="dep::ECP2_C3M:0x0">
	    <option name="0x0 - drive to low level"></option>
	    <option name="0x1 - drive to high level"></option>  
	    <comment>Select T2C3 output status after its auto-shutdown</comment>
          </feature>      
          <feature name="T2C3N status after shutdown" type="option" macro="ECP2_PSS3N" enable="dep::ECP2_C3M:0x0">
	    <option name="0x0 - drive to low level"></option>
	    <option name="0x1 - drive to high level"></option>  
	    <comment>Select T2C3N output status after its auto-shutdown</comment>
          </feature>      
        </ftsub>      
        <ftsub name="ECP2_T2C4" type="check" macro="ECP2_CH4EN">
	  <comment>Check to enable PWM/Capture for channel T2C4</comment>
          <feature name="T2C4 Operation Mode" type="option" macro="ECP2_C4M">
	    <option name="0x0 - PWM Mode">enable PWM output to T2C4</option>
	    <option name="0x1 - Capture Mode">enable input capture from T2C4</option>  
	    <comment>Select T2C4 operation mode</comment>
          </feature>      
          <feature name="T2C4 pin assignment" type="option" macro="ECP2_C4AS">
	    <option name="0x0 - T2C4 on RA1">enable T2C4 on RA1</option>
	    <option name="0x1 - T2C4 on RA3">enable T2C4 on RA3</option>  
	    <comment>Select T2C4 I/O assignment (for PWM or Capture)</comment>
          </feature>      
	  <feature name="T2C4 input/output polarity" type="check" macro="ECP2_C4POL">
	    <comment>check to invert T2C4 input/output polarity</comment>
          </feature>      
          <feature name="enable T2C4 PWM output" type="check" macro="ECP2_C4OE" enable="dep::ECP2_C4M:0x0">
	    <comment>check to enable T2C4/PWM output</comment>
          </feature>      
          <feature name="T2C4 Duty Ratio Register" type="text" macro="ECP2_ECDR4" default="0x0000" enable="dep::ECP2_C4M:0x0">
	    <comment>Set duty ratio for T2C4 in PWM mode. set PWM frequency by PR2</comment>
          </feature>      
          <feature name="T2C4 capture source select" type="option" macro="ECP2_SS4" enable="dep::ECP2_C4M:0x1">
	    <option name="0x0 - from external T2C1">capture from T2C1 input</option>  
	    <option name="0x1 - from external T2C2">capture from T2C2 input</option>  
	    <option name="0x2 - from external T2C3">capture from T2C3 input</option>  
	    <option name="0x3 - from external T2C4">capture from T2C4 input</option>  
	    <comment>Select input source for T2C4 capture mode</comment>
          </feature>      
          <feature name="T2C4 Auto-Shutdown control" type="check" macro="ECP2_ASDE4" enable="dep::ECP2_C4M:0x0">
	    <comment>check to enable auto-shutdown for T2C4 channel</comment>
          </feature>      
          <feature name="T2C4 status after shutdown" type="option" macro="ECP2_PSS4" enable="dep::ECP2_C4M:0x0">
	    <option name="0x0 - drive to low level"></option>
	    <option name="0x1 - drive to high level"></option>  
	    <comment>Select T2C4 output status after its auto-shutdown</comment>
          </feature>      
        </ftsub>      
      </group>
      <group name="Interrupters" type="irq">
        <vector name="IVN_HISR" type="check" macro="TC2_T2IE">
          <comment>Enable TMR2 Overflow (TMR2 = PR2) interrupt</comment>
        </vector>
        <vector name="IVN_HISR" type="check" macro="ECP2_CCP2IE">
          <comment>Enable ECP2 interrupt request. All interrupts of ECP2 share one entry</comment>
          <feature name="Interrupt source select" type="cklist2" macro="null">           
            <list>
              <check name="Enable ECP2 channel 1 interrupt request" macro="ECP2_IE1"/>
              <check name="Enable ECP2 channel 2 interrupt request" macro="ECP2_IE2"/>
              <check name="Enable ECP2 channel 3 interrupt request" macro="ECP2_IE3"/>
              <check name="Enable ECP2 channel 4 interrupt request" macro="ECP2_IE4"/>
            </list>          
          </feature>		
        </vector>
      </group>
      <group name="API Configuration" type="api">
        <func name="void tc2Stop()" type="check">
          <comment>Stop TMR2</comment>
        </func>
        <func name="void tc2Start()" type="check">
          <comment>Start TMR2</comment>
          <comment>use to restart timer if it's stoped by tc2Stop()</comment>
        </func>
        <func name="void t2c1OutputEnable()" type="check">
	  <comment>enable T2C1 output</comment>
        </func>
        <func name="void t2c1OutputDisable()" type="check">
	  <comment>disable T2C1 output</comment>
        </func>
        <func name="void t2c2OutputEnable()" type="check">
	  <comment>enable T2C2 output</comment>
        </func>
        <func name="void t2c2OutputDisable()" type="check">
	  <comment>disable T2C2 output</comment>
        </func>
        <func name="void t2c3OutputEnable()" type="check">
	  <comment>enable T2C3 output</comment>
        </func>
        <func name="void t2c3OutputDisable()" type="check">
	  <comment>disable T2C3 output</comment>
        </func>
        <func name="void t2c4OutputEnable()" type="check">
	  <comment>enable T2C4 output</comment>
        </func>
        <func name="void t2c4OutputDisable()" type="check">
	  <comment>disable T2C4 output</comment>
        </func>
        <func name="void t2c1nOutputEnable()" type="check">
	  <comment>enable T2C1N output</comment>
        </func>
        <func name="void t2c1nOutputDisable()" type="check">
	  <comment>disable T2C1N output</comment>
        </func>
        <func name="void t2c2nOutputEnable()" type="check">
	  <comment>enable T2C2N output</comment>
        </func>
        <func name="void t2c2nOutputDisable()" type="check">
	  <comment>disable T2C2N output</comment>
        </func>
        <func name="void t2c3nOutputEnable()" type="check">
	  <comment>enable T2C3N output</comment>
        </func>
        <func name="void t2c3nOutputDisable()" type="check">
	  <comment>disable T2C3N output</comment>
        </func>
        <func name="void tc2SetPR2(u16 value)" type="check">
          <comment>Set period register PR2 of TMR2</comment>
        </func>
        <func name="void t2c1SetDuty(u16 value)" type="check">
          <comment>Set duty ratio register T2C1</comment>
        </func>
        <func name="void t2c2SetDuty(u16 value)" type="check">
          <comment>Set duty ratio register T2C2</comment>
        </func>
        <func name="void t2c3SetDuty(u16 value)" type="check">
          <comment>Set duty ratio register T2C3</comment>
        </func>
        <func name="void t2c4SetDuty(u16 value)" type="check">
          <comment>Set duty ratio register T2C4</comment>
        </func>
        <func name="u16 t2c1GetCapture()" type="check">
          <comment>Get capture register of T2C1</comment>
        </func>
        <func name="u16 t2c2GetCapture()" type="check">
          <comment>Get capture register of T2C2</comment>
        </func>
        <func name="u16 t2c3GetCapture()" type="check">
          <comment>Get capture register of T2C3</comment>
        </func>
        <func name="u16 t2c4GetCapture()" type="check">
          <comment>Get capture register of T2C4</comment>
        </func>
      </group>
      <inc path="">FSYSCLK.h</inc>
      <inc path="">lgt8f690a_tc2.h</inc>
      <inc path="">lgt8f690a_misc.h</inc>
      <src path="">lgt8f690a_misc.c</src>
      <src path="">lgt8f690a_tc2.c</src>
    </module>    
    <module name="EEPROM Module" init="eepInit" keys="eep|e2p|e2|eeprom|help">
      <comment>Check to enable EEPROM configuration</comment>
      <group name="API Configuration" type="api">
        <func name="void eepWrite(u8 address, u8 data)" type="check">
          <comment>write data to address of EEPROM</comment>
        </func>
        <func name="u8 eepRead(u8 address)" type="check">
          <comment>return a byte from address of EEPROM</comment>
        </func>
      </group>
      <inc path="">FSYSCLK.h</inc>
      <inc path="">lgt8f690a_eep.h</inc>
      <src path="">lgt8f690a_eep.c</src>
    </module>    
    <module name="ADC Module" init="adcInit" keys="adc|ad|analog|ana">
      <comment>Check to enable ADC module configuration</comment>
      <group name="configuration" type="macro">
        <feature name="ADC Reference Voltage" type="option" macro="ADC_REFS">
          <option name="0x0 - System Power(VCC)"/>
	  <option name="0x1 - Internal 1.5V">VCC should be > 2.5V</option>
          <option name="0x2 - External AVREF/RA7"/>
          <option name="0x3 - Internal 2.56V">VCC should be > 3.0V</option>
        </feature>
        <feature name="ADC clock divder" type="option" macro="ADC_ADPS">
          <option name="0x0 - SYSCLK/2"/>
          <option name="0x1 - SYSCLK/8"/>
          <option name="0x2 - SYSCLK/32"/>
          <option name="0x3 - SYSCLK/2"/>
          <option name="0x4 - SYSCLK/4"/>
          <option name="0x5 - SYSCLK/16"/>
          <option name="0x6 - SYSCLK/64"/>
          <option name="0x7 - SYSCLK/32"/>
        </feature>
        <feature name="ADC data alignment" type="option" macro="ADC_ADFM">
          <option name="0x1 - right adjust"/>
          <option name="0x0 - left adjust"/>
          <comment>ADC output 12bit data, we can adjust it to align with 16bit's high or low byte</comment>
        </feature>
        <feature name="ADC default channel" type="option" macro="ADC_CHMUX">
          <option name="0x0 - AN0(RB0)"/>
          <option name="0x1 - AN1(RB1)"/>
          <option name="0x2 - AN2(RB2)"/>
          <option name="0x3 - AN3(RB3)"/>
          <option name="0x4 - AN4(RB4)"/>
          <option name="0x5 - AN5(RB5)"/>
          <option name="0x6 - AN6(RB6)"/>
          <option name="0x7 - AN7(RB7)"/>
          <option name="0x8 - V5D1">internal 1/5 voltage divider</option>
          <option name="0x9 - DAC">internal 6bit DAC's output</option>
          <option name="0xA - IVREF">internal 1.5V/2.56V reference</option>
          <option name="0xB - GND">system ground</option>
          <option name="0xF - DAP">internal DAP's output</option>
          <comment>This channel will be selected after initilization</comment>
        </feature>
	<feature name="Source of 1/5 Voltage-Divider" type="option" macro="ADC_VDS" enable="dep::ADC_CHMUX:0x8">
	  <option name="0x0 - Disable Divider"/>
	  <option name="0x1 - Source from RA2/APP0 "/>
	  <option name="0x2 - Source from RB5/AN5"/>
          <option name="0x3 - source from power supply (VCC)"/>
	  <comment>Select the source for 1/5 Voltage divider</comment>
        </feature>
        <feature name="ADC calibration enable" type="check" macro="ADC_OFEN" default="1">
          <comment>check to enable ADC offset calibration</comment>
        </feature>
        <feature name="ADC auto-trigger enable" type="check" macro="ADC_ATEN">
          <comment>check to enable ADC auto-start triggered by selected source</comment>
        </feature>
        <feature name="ADC auto-trigger source" type="option" macro="ADC_ADTS" enable="dep::ADC_ATEN:1">
          <option name="0x0 - from matching event of TMR1 channel 3"/>
          <option name="0x1 - from PWM output of TMR2 channel 4"/>
          <option name="0x2 - from external port RA1"/>
          <option name="0x3 - from external port RB3"/>
          <comment>ADC will be started triggered by posedge event of selected source</comment>
        </feature>
        <feature name="Select extenal channels for analog input" type="cklist" macro="null">
          <list name="ADCHX">
            <check name="ADC0" macro="ADC_ANSB0">external input channel 0 of ADC</check>
            <check name="ADC1" macro="ADC_ANSB1">external input channel 1 of ADC</check>
            <check name="ADC2" macro="ADC_ANSB2">external input channel 2 of ADC</check>
            <check name="ADC3" macro="ADC_ANSB3">external input channel 3 of ADC</check>
            <check name="ADC4" macro="ADC_ANSB4">external input channel 4 of ADC</check>
            <check name="ADC5" macro="ADC_ANSB5">external input channel 5 of ADC</check>
            <check name="ADC6" macro="ADC_ANSB6">external input channel 6 of ADC</check>
            <check name="ADC7" macro="ADC_ANSB7">external input channel 7 of ADC</check>
          </list>
        </feature>	
      </group>
      <group name="Interrupters" type="irq">
        <vector name="IVN_HISR" macro="ADC_ADIE">
          <comment>Enable ADC Convert complete interrupt</comment>
        </vector>
      </group>
      <group name="API Configuration" type="api">
        <func name="void adcEnable()" type="check">
          <comment>Enable ADC module</comment>
        </func>
        <func name="void adcDisable()" type="check">
          <comment>Disable ADC module</comment>
        </func>
        <func name="void adcSetReference(u8 refs)" type="check">
          <comment>
            <arg name="refs" type="u8">
              <comment>set voltage reference source of ADC:</comment>
              <option name="ADC_REFS_AVREF">reference from external AVREF/RA7</option>
              <option name="ADC_REFS_AVCC">reference from power supply</option>
              <option name="ADC_REFS_1D50">reference from internal 1.50V</option>
              <option name="ADC_REFS_2D56">reference from internal 2.56V</option>
            </arg>
            <desc>Set reference voltage for ADC, e.g adcSetReference(ADC_REFS_1D50)</desc>
          </comment>
        </func>        
        <func name="void adcSetChannel(u8 chn)" type="check">
          <comment>
            <arg name="chn" type="u8">
              <comment>set current channel of ADC:</comment>
              <option name="ADC_CHMUX_AN0">select ADC0(RB0)</option>
              <option name="ADC_CHMUX_AN1">select ADC1(RB1)</option>
              <option name="......"></option>
              <option name="ADC_CHMUX_AN6">select ADC6(RB6)</option>
              <option name="ADC_CHMUX_AN7">select ADC7(RB7)</option>
              <option name="ADC_CHMUX_V5D">power monitor (VCC/5)</option>
              <option name="ADC_CHMUX_DAC">select output of internal DAC</option>
              <option name="ADC_CHMUX_BGR">select internal Voltage reference</option>
              <option name="ADC_CHMUX_GND">select system ground level to ADC</option>
              <option name="ADC_CHMUX_DAP">select output of internal DAP</option>
            </arg>
            <desc>Set current channel for ADC, e.g adcSetChannel(ADC_CHMUX_AN0)</desc>
          </comment>
        </func>
        <func name="u16 adcRead(void)" type="check">
          <comment>Read converted data of current channel</comment>
        </func>
        <func name="u16 adcReadChannel(u8 chn)" type="check">
          <comment>
            <return type="u16">converted ADC data</return>
            <arg name="chn" type="u8">
              <comment>channel for coverting:</comment>
              <option name="ADC_CHMUX_AN0">select ADC0(RB0)</option>
              <option name="ADC_CHMUX_AN1">select ADC1(RB1)</option>
              <option name="......"></option>
              <option name="ADC_CHMUX_AN6">select ADC6(RB6)</option>
              <option name="ADC_CHMUX_AN7">select ADC7(RB7)</option>
              <option name="ADC_CHMUX_V5D">power monitor (VCC/5)</option>
              <option name="ADC_CHMUX_DAC">select output of internal DAC</option>
              <option name="ADC_CHMUX_BGR">select internal Voltage reference</option>
              <option name="ADC_CHMUX_GND">select system ground level to ADC</option>
              <option name="ADC_CHMUX_DAP">select output of internal DAP</option>
            </arg>
            <desc>read ADC data from a given channel</desc>
          </comment>
        </func>
      </group>
      <inc path="">FSYSCLK.h</inc>
      <src path="">lgt8f690a_adc.c</src>
      <inc path="">lgt8f690a_adc.h</inc>
    </module>    
    <module name="DAP Module" init="dapInit" keys="dap|ap|pga|analog|help">
      <comment>Check to enable DAP module</comment>
      <group name="configuration" type="macro">
        <feature name="DAP posedge input sources" type="option" macro="DAP_DPS">
          <option name="0x0 - posedge from ADC's input multiplex"></option>
          <option name="0x1 - APP0/RA2"/>
          <option name="0x2 - APP1/RA5"/>
          <option name="0x3 - system ground(GND)"/>
          <comment>Select posedge input source for DAP module</comment>
        </feature>
        <feature name="DAP negedge input sources" type="option" macro="DAP_DNS">
          <option name="0x0 - RB0/AN0"></option>
          <option name="0x1 - RB1/AN1"/>
          <option name="0x2 - RB2/AN2"/>
          <option name="0x3 - RB3/AN3"/>
          <option name="0x4 - sytem ground(GND)"/>
          <comment>Select negedge input source for DAP module</comment>
        </feature>        
        <feature name="DAP gain selection" type="option" macro="DAP_GAIN">
          <option name="0x0 - x1"></option>
          <option name="0x1 - x8"/>
          <option name="0x2 - x16"/>
          <option name="0x3 - x32"/>
          <comment>Select scaling gain of DAP module</comment>
        </feature>        
        <feature name="DAP output (to ADC) control" type="option" macro="DAP_OBUF">
	  <option name="0x1 - direct output"></option>
	  <option name="0x0 - buffered output"></option>
	  <comment>Select DAP output drive mode</comment>
        </feature>        
        <feature name="DAP offset trimming mode" type="option" macro="DAP_OFSM">
	  <option name="0x1 - fixed-offset mode">fixed biasing voltage</option>
	  <option name="0x0 - zero-offset mode">trim to minimal offset</option>
	  <comment>Select DAP offset trimming mode</comment>
        </feature>        
      </group>
      <group name="API Configuration" type="api">
        <func name="void dapEnable()" type="check">
          <comment>Enable DAP module</comment>
        </func>
        <func name="void dapDisable()" type="check">
          <comment>Disable DAP module</comment>
        </func>                        
        <func name="void dapSetGain(u8 gain)" type="check">
          <comment>
            <return type="void"></return>
            <arg name="gain" type="u8">
              <option name="DAP_GAIN_X1">set DAP gain to X1</option>
              <option name="DAP_GAIN_X8">set DAP gain to X8</option>
              <option name="DAP_GAIN_X16">set DAP gain to X16</option>
              <option name="DAP_GAIN_X32">set DAP gain to X32</option>
              <comment>set gain of DAP</comment>
            </arg>
	    <desc>set gain of DAP module</desc>
          </comment>
        </func> 
        <func name="void dapSetDNS(u8 dns)" type="check">
          <comment>
            <return type="void"></return>
            <arg name="dns" type="u8">
              <option name="DAP_DNS_RB0">positive input from RB0</option>
              <option name="DAP_DNS_RB1">positive input from RB1</option>
              <option name="DAP_DNS_RB2">positive input from RB2</option>
              <option name="DAP_DNS_RB3">positive input from RB3</option>
              <option name="DAP_DNS_GND">positive tied to ground</option>
              <comment>select positive input source</comment>
            </arg>
	    <desc>Select positive input for DAP</desc>
          </comment>
        </func> 
        <func name="void dapSetDPS(u8 dps)" type="check">
          <comment>
            <return type="void"></return>
            <arg name="dps" type="u8">
              <option name="DAP_DNS_ADMX">from ADC's channel multiplex</option>
	      <option name="DAP_DNS_RA2">from APP0/RA2</option>
	      <option name="DAP_DNS_RA5">from APP1/RA5</option>
              <option name="DAP_DNS_GND">tied to ground</option>
              <comment>select negitive input source</comment>
            </arg>
	    <desc>Select negitive input for DAP</desc>
          </comment>
        </func> 
      </group>
      <inc>FSYSCLK.h</inc>
      <inc path="">lgt8f690a_dap.h</inc>
    </module>  
    <module name="DAC Module" init="dacInit" keys="dac|da|analog|help">
      <comment>Check to enable DAC module</comment>
      <group name="configuration" type="macro">
        <feature name="DAC reference source" type="option" macro="DAC_DAVS">
          <option name="0x0 - source from VCC"/>
          <option name="0x1 - source from AVREF"/>
          <option name="0x2 - soruce from internal 1.50V (IVREF)"/>
          <option name="0x3 - soruce from internal 2.56V (IVREF)"/>
          <comment>Select reference voltage for DAC module</comment>
          <comment>Note that (IVREF) is shared with ADC module</comment>
        </feature>
        <feature name="DAC output level(DALR)" type="text" macro="DAC_DALR" default="0xff">
          <comment>Set the 6bit DAC output level</comment>
          <comment>DAC's output = Vref*(DALR+1)/64, Vref is the reference source of DAC</comment>
        </feature>             
	<feature name="DAC output to I/O" type="check" macro="DAC_DAOE">
          <comment>Check to enable DAC output to external RA5</comment>
        </feature>       
      </group>
      <group name="API Configuration" type="api">
        <func name="void dacEnable()" type="check">
          <comment>Enable DAC module</comment>
        </func>
        <func name="void dacDisable()" type="check">
          <comment>Disable DAC module</comment>
        </func>                        
        <func name="void dacSetReference(u8 refs)" type="check">
          <comment>
            <return type="void"></return>
            <arg name="refs" type="u8">
              <option name="DAC_REFS_VCC">Set DAC source from VCC</option>
              <option name="DAC_REFS_AVREF">Set DAC source from external AVREF</option>
              <option name="DAC_REFS_1D50">Set DAC source from internal 1.50V</option>
              <option name="DAC_REFS_2D56">Set DAC source from internal 2.56V</option>
              <comment>select DAC's reference source</comment>
            </arg>
            <desc>Note that internal IVREF is shared by ADC and DAC module. ADC has more high priority to determine the IVREF settings.</desc>
	    <desc>If ADC does not reference IVREF, IVREF can be configured by dacSetRerefence()</desc>
          </comment>
        </func> 
        <func name="void dacSetLevel(u8 dalr)" type="check">
          <comment>Set DAC's output level. Vdac = Vref*(dalr + 1)/64.</comment>
        </func>     
        <func name="void dacoEnable()" type="check">
          <comment>Enable DAC output to RA5</comment>
        </func>
        <func name="void dacoDisable()" type="check">
          <comment>Disable DAC output to RA5</comment>
        </func>                                   
      </group>
      <inc>FSYSCLK.h</inc>
      <inc path="">lgt8f690a_dac.h</inc>
    </module>  
    <module name="Analog Comparator" init="acInit" keys="ac|analog|help">
      <comment>Check to enable analog comparator</comment>
      <group name="configuration" type="macro">
        <feature name="Positive input source (AC+)" type="option" macro="AC_CMPS">
          <option name="0x0 - from external CIP/RA7)"/>
          <option name="0x1 - from internal DAC"/>
          <comment>Select the input source for positive input of Analog comparator</comment>
        </feature>
        <feature name="Negative input source (AC-)" type="option" macro="AC_CMNS">
	  <option name="0x0 - from external CIN0/RB4"/>
	  <option name="0x1 - from external CIN1/RB7"/>
          <option name="0x2 - from ADC's channel muliplex(ADMX)"/>
          <option name="0x3 - from DAP's output"/>
          <comment>Select the input source for negative input of Analog comparator</comment>
        </feature>        
        <feature name="ACO output polarity" type="check" macro="AC_CPOL">
          <comment>Check to invert polarity of AC output</comment>
        </feature> 
        <feature name="ACO output to RC1" type="check" macro="AC_CMOE">
          <comment>Check to enable AC's output to external RC1</comment>
        </feature> 
        <feature name="Digital filter settings" type="option" macro="AC_CMFS">
          <option name="0x0 - disable filter counter"/>
          <option name="0x1 - select 32us filter"/>
          <option name="0x2 - select 64us filter"/>
          <option name="0x3 - select 96us filter"/>
          <comment>Select digital filter length for AC's output</comment>
        </feature>         
      </group>
      <group name="Interrupters" type="irq">
        <vector name="IVN_HISR" macro="AC_CMIE">
          <comment>Enable AC (output level change) interrupt request</comment>
        </vector>
      </group>
      <group name="API Configuration" type="api">
        <func name="void acEnable(void)" type="check">
          <comment>Enable AC module</comment>
        </func>
        <func name="void acDisable(void)" type="check">
          <comment>Disable AC module</comment>
        </func>
        <func name="u8 acoRead(void)" type="check">
          <comment>return comparator output (COUT)</comment>
        </func>
      </group>
      <inc path="">lgt8f690a_ac.h</inc>
    </module>    
    <module name="Miscellany" keys="delay|misc|axu|gie|help">
      <comment>Check to include miscellany help functions</comment>
      <group name="API Configuration" type="api">
        <func name="void gie_enable(void)" type="check">
          <comment>enable global interrupt</comment>
        </func>
        <func name="void gie_disable(void)" type="check">
          <comment>store then disable global interrupt</comment>
        </func>
        <func name="void gie_restore(void)" type="check">
          <comment>restore global interrupt. should be couple with gie_disable()</comment>
        </func>
        <func name="void delayus(u16 us)" type="check">
          <comment>delay by us of microseconds</comment>
        </func>
        <func name="void delayms(u16 ms)" type="check">
          <comment>delay by ms of milliseconds</comment>
        </func>
        <func name="u16 axu_fmul8x8(u8 a, u8 b)" type="check">
          <comment>return a*b using hardware multiplier</comment>
        </func>
        <func name="u32 axu_fmul16x8(u16 a, u8 b)" type="check">
          <comment>return a*b using hardware multiplier</comment>
        </func>
        <func name="u16 axu_fdiv16d8(u16 a, u8 b)" type="check">
	  <comment>return a/b using hardware divider</comment>
        </func>
      </group>
      <inc path="">FSYSCLK.h</inc>
      <inc path="">lgt8f690a_misc.h</inc>
      <src path="">lgt8f690a_misc.c</src>
    </module>    
    <module name="Configuration Words">
      <comment>Check to enable configuration words</comment>
      <group name="Configuration Word 1" type="ftsub">
        <ftsub name="__L_CONFIG" type="check" macro="CFW_CONFIG1">
	  <comment>check to enable settings for Confgiuratin Word 1</comment>
          <feature name="Main clock source" type="option" macro="CFW_FOSC">
	    <option name="FOSC_INTOSC - internal 16MHz HFINTOSC"></option>
	    <option name="FOSC_HFOSC - external high speed crystal"></option>  
	    <option name="FOSC_CLKIN - external clock input"></option>  
	    <option name="FOSC_LFOSC - external low speed crystal"></option>  
	    <comment>main clock source settings</comment>
          </feature>      
          <feature name="Startup Timer" type="option" macro="CFW_SUT">
	    <option name="SUT_2MS - 2ms startup timer"></option>
	    <option name="SUT_150US - 150us startup timer"></option>
	    <option name="SUT_254MS - 254ms startup timer"></option>
	    <option name="SUT_64MS - 64ms startup timer"></option>
	    <comment>startup timer settings</comment>
          </feature>      
          <feature name="Watchdog control" type="option" macro="CFW_WDT">
	    <option name="WDT_OFF - disable WDT"></option>
	    <option name="WDT_ON - enable WDT"></option>
	    <comment>Watchdog timer control</comment>
          </feature>      
	  <feature name="RSTN/RB7 control" type="option" macro="CFW_MCRE">
	    <option name="RSTE_ON - enable external reset"></option>
	    <option name="RSTE_OFF - disable external reset"></option>
	    <comment>External reset i/o control</comment>
          </feature>      
	  <feature name="Crystal fail-safe control" type="option" macro="CFW_OFS">
	    <option name="FSEN_OFF - disable crystal fail-safe"></option>
	    <option name="FSEN_ON - enable crystal fail-safe"></option>
	    <comment>External crystal fail-safe control</comment>
          </feature>      
	  <feature name="Instruction Cycle control" type="option" macro="CFW_TCYC">
	    <option name="TCYC_4T - 4T instruction cycle"></option>
	    <option name="TCYC_2T - 2T instruction cycle"></option>
	    <option name="TCYC_1T - 1T instruction cycle"></option>
	    <comment>Instruction cycle mode control</comment>
          </feature>      
	  <feature name="Low voltage reset (LVR) control" type="option" macro="CFW_LVR">
	    <option name="LVR_OFF - disable LVR module"></option>
	    <option name="LVR_2V0 - 2.0V LVR threshold"></option>
	    <option name="LVR_2V2 - 2.2V LVR threshold"></option>
	    <option name="LVR_2V4 - 2.4V LVR threshold"></option>
	    <option name="LVR_2V6 - 2.6V LVR threshold"></option>
	    <option name="LVR_3V6 - 3.6V LVR threshold"></option>
	    <option name="LVR_4V0 - 4.0V LVR threshold"></option>
	    <comment>Low voltage reset (LVR) settings</comment>
          </feature>      
	  <feature name="LVR low power control" type="option" macro="CFW_LVRPM">
	    <option name="LVRPM_ON - disable LVR in sleep mode"></option>
	    <option name="LVRPM_OFF - keep LVR in sleep mode"></option>
	    <comment>LVR low power control</comment>
          </feature>      
	</ftsub>
      </group>
      <src path="">lgt8f690a_cfw.c</src>
    </module>    
  </device>
  <project name="Project">
    <module name="Settings">
      <comment></comment>
      <group name="IDE Settings" type="ids" path="ide">
        <!--contents from ide template-->
      </group>
    </module>    
  </project> 
</sdk>
