﻿<?xml version="1.0" encoding="utf-8" ?>
<sapis device="LGT8F08A" version="1.0">
  <iogroup name="A">
    <ddr name="DDRA"/>
    <portr name="PORTA"/>
    <pinr name="PINA"/>
  </iogroup>
  <iogroup name="B">
    <ddr name="DDRB"/>
    <portr name="PORTB"/>
    <pinr name="PINB"/>
  </iogroup>
  <iogroup name="C">
    <ddr name="DDRC"/>
    <portr name="PORTC"/>
    <pinr name="PINB"/>
  </iogroup>
  <iogroup name="D">
    <ddr name="DDRD"/>
    <portr name="PORTD"/>
    <pinr name="PIND"/>
  </iogroup>
  <sapi name="I2C Slave">
    <comment>Software I2C Slave implemented by GPIO</comment>
    <iomap name="I2C I/O Settings">
      <io name="SDA" default="PD0">
        <ddr name="SDADDR"/>
        <portr name="SDAPORT"/>
        <pinr name="SDAPIN"/>
      </io>
      <io name="SCL" default="PD1">
        <ddr name="SCLDDR"/>
        <portr name="SCLPORT"/>
      </io>
    </iomap>
    <inc></inc>
    <src></src>
  </sapi>
</sapis>