﻿<?xml version="1.0" encoding="utf-8" ?>
<project name="DemoProject">
  <device name="LGT8F88A">
    <module name="SPI Module" init="init_spi">
      <group type="macro">
        <feature name="Baud rate" macro="UART_BTR">0x0 - 9600bps</feature>
        <feature name="Data Width" macro="UART_DW">0x7 - 7bit data</feature>
        <feature macro="UART_STB">0x1 - one stop bit</feature>
        <feature macro="UART_DRM">0</feature>
      </group>
      <group type="irq">
        <vector name="iv_SPI_STC"/>
      </group>
      <group type="api">
        <func name="void uart_send_char(uint8_t c)"/>
      </group>      
    </module>
  </device>
</project>