﻿<?xml version="1.0" encoding="utf-8" ?>
<sdk version="1.0">
  <device name="LGT8F328P" packages="QFP32L|QFP48L|SSOP20L">
    <ide name="WinAVR" tmpl="">
      <sys>avr/io.h</sys>
      <inc>global.h</inc>
      <inc>lgt8f328p_spec.h</inc>
      <inc>lgt8f328p_gcc.h</inc>
      <src>start.s</src>
    </ide>
    <ide name="AVRStudio 4" tmpl="">
      <sys>avr/io.h</sys>
      <inc>global.h</inc>
      <inc>lgt8f328p_spec.h</inc>
      <inc>lgt8f328p_gcc.h</inc>
      <src>start.s</src>
    </ide>
    <ide name="IARAVR 5" tmpl="">
      <sys>ioavr.h</sys>
      <inc>global.h</inc>
      <inc>lgt8f328p_iar.h</inc>
      <inc>lgt8f328p_biar.h</inc>
      <inc>lgt8f328p_ioavr.h</inc>
    </ide>
    <inc>global.h</inc>
    <inc>lgt8f328p_full.h</inc>
  </device>
  <device name="LGT8F690A" packages="TSSOP20">
	<ide name="MPLAB IDE" tmpl="">
      <inc>global.h</inc>
      <inc>lgt8f690a.h</inc>
    </ide>
  </device>  
  <device name="LGT8F328D" packages="QFP32L">
    <ide name="WinAVR" tmpl="">
      <sys>avr/io.h</sys>
      <inc>global.h</inc>
      <inc>lgt8f328d_spec.h</inc>
      <inc>lgt8f328d_gcc.h</inc>
    </ide>
    <ide name="AVRStudio 4" tmpl="">
      <sys>avr/io.h</sys>
      <inc>global.h</inc>
      <inc>lgt8f328d_spec.h</inc>
      <inc>lgt8f328d_gcc.h</inc>
    </ide>
    <ide name="IARAVR 5" tmpl="">
      <inc>global.h</inc>
      <inc>lgt8f328d_iar.h</inc>
      <inc>lgt8f328d_full.h</inc>
      <inc>lgt8f328d_spec.h</inc>
    </ide>
    <inc>global.h</inc>
    <inc>lgt8f328d_full.h</inc>
  </device>
  <device name="LGT8F88D" packages="SSOP20L">
    <ide name="WinAVR" tmpl="">
      <sys>avr/io.h</sys>
      <inc>global.h</inc>
      <inc>lgt8f88d_spec.h</inc>
      <inc>lgt8f88d_gcc.h</inc>
    </ide>
    <ide name="AVRStudio 4" tmpl="">
      <sys>avr/io.h</sys>
      <inc>global.h</inc>
      <inc>lgt8f88d_spec.h</inc>
      <inc>lgt8f88d_gcc.h</inc>
    </ide>
    <ide name="IARAVR 5" tmpl="">
      <inc>global.h</inc>
      <inc>lgt8f88d_iar.h</inc>
      <inc>lgt8f88d_full.h</inc>
      <inc>lgt8f88d_spec.h</inc>
    </ide>
    <inc>global.h</inc>
    <inc>lgt8f88d_full.h</inc>
  </device>
  <device name="LGT8F88A" packages="QFP32L|SSOP28L">
    <ide name="WinAVR" tmpl="">
      <sys>avr/io.h</sys>
      <inc>global.h</inc>
      <inc>lgt8f88a_spec.h</inc>
      <inc>lgt8f88a_gcc.h</inc>
    </ide>
    <ide name="AVRStudio 4" tmpl="">
      <sys>avr/io.h</sys>
      <inc>global.h</inc>
      <inc>lgt8f88a_spec.h</inc>
      <inc>lgt8f88a_gcc.h</inc>
    </ide>
    <ide name="IARAVR 5" tmpl="">
      <inc>global.h</inc>
      <inc>lgt8f88a_iar.h</inc>
      <inc>lgt8f88a_full.h</inc>
    </ide>
    <inc>global.h</inc>
    <inc>lgt8f88a_full.h</inc>
  </device>
  <device name="LGT8F08A" packages="SSOP28L|SSOP24L|SOP8L|QFP32L">
    <ide name="WinAVR" tmpl="">
      <sys>avr/io.h</sys>
      <inc>global.h</inc>
      <inc>lgt8f08a_spec.h</inc>
      <inc>lgt8f08a_gcc.h</inc>
    </ide>
    <ide name="AVRStudio 4" tmpl="">
      <sys>avr/io.h</sys>
      <inc>global.h</inc>
      <inc>lgt8f08a_spec.h</inc>
      <inc>lgt8f08a_gcc.h</inc>
    </ide>
    <ide name="IARAVR 5" tmpl="">
      <inc>global.h</inc>
      <inc>lgt8f08a_iar.h</inc>
      <inc>lgt8f08a_full.h</inc>
    </ide>
    <inc>global.h</inc>
    <inc>compiler.h</inc>
    <inc>lgt8f08a_full.h</inc>
  </device>
</sdk>
