﻿<?xml version="1.0" encoding="utf-8" ?>
<makefile>
  <define>
    <PROJECT sn="project">#</PROJECT>
    <CHIP sn="chip">#</CHIP>
    <ID sn="id">#</ID>
    <TARGET>$(PROJECT).elf</TARGET>
    <TCPATH sn="tcpath">#</TCPATH>
    <CC>$(TCPATH)/bin/avr-gcc</CC>
    <CPP>$(TCPATH)/bin/avr-gcc</CPP>
    <OL sn="olvl">#</OL>
    <COMMON>-mmcu=$(CHIP)</COMMON>
    <CFLAGS>
      <option>$(COMMON) -Wall -gdwarf-2 -std=gnu99 -$(OL)</option>
      <check sn="unschar" default="1">-funsigned-char</check>
      <check sn="unsbits" default="1">-funsigned-bitfields</check>
      <check sn="packstruct" default="1">-fpack-struct</check>
      <check sn="shortenums" default="1">-fshort-enums</check>
    </CFLAGS>
    <GENDFLAGS></GENDFLAGS>
    <LDFLAGS>$(COMMON) -Wl,-Map=$(PROJECT).map</LDFLAGS>
    <HEX_FLASH_FLAGS>-R .eeprom -R .fuse -R .lock -R .singature</HEX_FLASH_FLAGS>
    <HEX_EEPROM_FLAGS>-j .eeprom --set-section-flags=.eeprom="alloc,load" --change-section-lma .eeprom=0 --no-change-warnings</HEX_EEPROM_FLAGS>
    <INCLUDES sn="incs">#</INCLUDES>
    <OBJECTS sn="objs">#</OBJECTS>
    <SOBJECTS sn="sobjs">#</SOBJECTS>
    <EXTOBJS sn="eobjs">#</EXTOBJS>
  </define>
  <build>
    <action name="all">
      <dep>clean $(TARGET) $(PROJECT).hex $(PROJECT).lss</dep>
      <rule>@echo ""</rule>
      <rule>@echo build done!</rule>
    </action>
    <action name="OBJECTS">
      <dep/>
      <rule>$(CC) $(INCLUDES) $(GENDFLAGS) $(CFLAGS) -c %dep</rule>
    </action>
    <action name="SOBJECTS">
      <dep/>
      <rule>$(CC) $(INCLUDES) $(GENDFLAGS) $(CFLAGS) -x assembler-with-cpp -c %dep</rule>
    </action>
    <action name="$(TARGET)">
      <dep>$(OBJECTS) $(SOBJECTS)</dep>
      <rule>$(CC) $(LDFLAGS) $(OBJECTS) $(SOBJECTS) $(EXTOBJS) $(LIBDIRS) $(LIBS) -o $(TARGET)</rule>
    </action>
    <action name="$(PROJECT).hex">
      <dep>$(TARGET)</dep>
      <rule>$(TCPATH)/bin/avr-objcopy -O ihex $(HEX_FLASH_FLAGS) $(PROJECT).elf $(PROJECT).hex</rule>
    </action>
    <action name="$(PROJECT).lss">
      <dep>$(TARGET)</dep>
      <rule>$(TCPATH)/bin/avr-objdump -h -S $(PROJECT).elf > $(PROJECT).lss</rule>
      <rule>@echo</rule>
      <rule>@$(TCPATH)/bin/avr-size --mcu=$(CHIP) $(TARGET)</rule>
    </action>
    <action name="AVRDUDE">
      <dep>$(PROJECT).hex</dep>
      <rule>@$(APPROOT)/utils/bin/avrdude.exe -F -cjtag2isp -p$(ID) -Pusb -Uflash:w:$(PROJECT).hex:i</rule>
    </action>
    <action name="clean">
	<rule>@rm -rf *.o *.hex *.lss</rule>
      <rule>@echo cleanup done!</rule>
    </action>
  </build>
</makefile>
