<?xml version="1.0" encoding="utf-8" ?>
<templates name="AVRStudio" app="AVRStudio.exe" version="1.0">
  <template suffix=".aps" psc="\">
    <AVRStudio>
	    <MANAGEMENT>
		    <ProjectName>%s:project%</ProjectName>
		    <ProjectType>0</ProjectType>
		    <Version>4</Version>
		    <ProjectTypeName>AVR GCC</ProjectTypeName>
	    </MANAGEMENT>
	    <DEBUG_TARGET>
		    <CURRENT_TARGET>JTAGICE mkII</CURRENT_TARGET>
		    <CURRENT_PART>%s:chip%</CURRENT_PART>
		    <COM>Auto</COM>
		    <COMType>0</COMType>
	    </DEBUG_TARGET>
	    <AVRGCCPLUGIN>
		      <FILES>
			      <SOURCEFILE>%s:ccc%</SOURCEFILE>
			      <HEADERFILE>%s:hhh%</HEADERFILE>
		      </FILES>
		    <CONFIGS>
			    <CONFIG>
				    <NAME>default</NAME>
				    <USESEXTERNALMAKEFILE>NO</USESEXTERNALMAKEFILE>
				    <EXTERNALMAKEFILE></EXTERNALMAKEFILE>
				    <PART>%s:chip%</PART>
				    <HEX>1</HEX>
				    <LIST>1</LIST>
				    <MAP>1</MAP>
				    <OUTPUTFILENAME>%s:project%.elf</OUTPUTFILENAME>
				    <OUTPUTDIR>default\</OUTPUTDIR>
				    <ISDIRTY>1</ISDIRTY>
				    <OPTIONS/>
				    <INCDIRS>
					    <INCLUDE>%s:inc%\</INCLUDE>
				    </INCDIRS>
				    <LIBDIRS/>
				    <LIBS/>
				    <LINKOBJECTS/>
				    <OPTIONSFORALL>-Wall -gdwarf-2 -Os -std=gnu99 -funsigned-char -funsigned-bitfields -fpack-struct -fshort-enums</OPTIONSFORALL>
				    <LINKEROPTIONS></LINKEROPTIONS>
				    <SEGMENTS/>
			    </CONFIG>
		    </CONFIGS>
		    <LASTCONFIG>default</LASTCONFIG>
		    <USES_WINAVR>1</USES_WINAVR>
	    </AVRGCCPLUGIN>
    </AVRStudio>
  </template>
</templates>
