﻿<?xml version="1.0" encoding="utf-8" ?>
<res device="LGT8F88D">
  <common>
    <chip>atmega88a</chip>
    <id>m88</id>
    <cld>__AVR_ATmega88A__;__AVR_ARCH__=4</cld>
  </common>
  <ICCAVR>
    <chip>ATMega88</chip>
    <cld>ATMega88</cld>
    <hasmul>true</hasmul>
    <longjmp>true</longjmp>
    <eninst>Enhanced</eninst>
    <fsize>0x2000</fsize>
    <funclit>0x38.0x2000</funclit>
    <ramend>0x4ff</ramend>
    <data>0x100.0x4ff</data>
    <hwstksize>30</hwstksize>
    <eeprom>0.1024</eeprom>
  </ICCAVR>
  <IARAVR>
    <enhanced>1</enhanced>
    <varmem>1</varmem>
    <flash64k>0</flash64k>
    <db64b>0</db64b>
    <hpsz>0x10</hpsz>
    <stksz>0x80</stksz>
    <rstksz>16</rstksz>
    <initrti>1</initrti>
    <e2psz>1024</e2psz>
    <nvp>133</nvp>
    <tyhpsz>0x10</tyhpsz>
    <nrhpsz>0x20</nrhpsz>
    <frhpsz>0x1000</frhpsz>
    <hghpsz>0x1000</hghpsz>
    <nomul>0</nomul>
    <optss>0</optss>
    <optlvl>4</optlvl>
    <xclov>0</xclov>
    <chipxcl>$TOOLKIT_DIR$\src\template\cfgm88.xcl</chipxcl>
    <ddfov>0</ddfov>
    <chipddf>$TOOLKIT_DIR$\Config\iom88.ddf</chipddf>
  </IARAVR>
</res>
