﻿<?xml version="1.0" encoding="utf-8" ?>
<makefile version="1.0">
  <define>
    <PROJECT sn="project">#</PROJECT>
    <CHIP sn="chip">#</CHIP>
    <ID sn="id">#</ID>
    <TCPATH sn="tcpath">#</TCPATH>
  </define>
  <build>
    <action name="all">
	<rule>@$(TCPATH)/common/bin/IarBuild.exe $(PROJECT).ewp -build Release -log warnings</rule>
      <rule>@echo</rule>
      <rule>@echo build done!</rule>
    </action>
    <action name="$(PROJECT).hex">
      <dep>all</dep>
    </action>
    <action name="AVRDUDE">
      <dep>$(PROJECT).hex</dep>
      <rule>@$(APPROOT)/avrdude/avrdude.exe -F -cjtag2isp -p$(ID) -Pusb -Uflash:w:$(PROJECT).hex:i</rule>
    </action>
    <action name="clean">
	<rule>@$(TCPATH)/common/bin/IarBuild.exe $(PROJECT).ewp -clean Release -log warnings</rule>
      <rule>@echo cleanup done!</rule>
    </action>
  </build>
</makefile>
