﻿<?xml version="1.0" encoding="utf-8" ?>
<makefile>
  <define>
    <PROJECT sn="project">#</PROJECT>
    <CHIP sn="device">#</CHIP>
    <ID sn="id">#</ID>
    <TARGET>$(PROJECT).hex</TARGET>
    <TCPATH sn="tcpath">#</TCPATH>
    <MP_CC>"$(TCPATH)/bin/picc.exe"</MP_CC>
    <MP_AS>"$(TCPATH)/bin/picc.exe"</MP_AS>
    <MP_LD>"$(TCPATH)/bin/picc.exe"</MP_LD>
    <MP_AR>"$(TCPATH)/bin/picc.exe"</MP_AR>
    <IMAGE_TYPE sn="imgtype">#</IMAGE_TYPE>
    <OBJECTDIR>build/${IMAGE_TYPE}</OBJECTDIR>
    <COMMON>-q --chip=$(ID) -P -I"." -I".." --warn=-3 --double=24 --float=24 --addrqual=ignore -g --asmlist</COMMON>
    <RUNTIME>--runtime=default,+clear,+init,-keep,-osccal,+oscval:0x3400,--resetbits,-download,-stackcall,+clib</RUNTIME>
    <SUMMARY>--summary=default,-psect,-class,+mem,-hex</SUMMARY>
    <CC1_FLAGS>--pass1 $(COMMON) --outdir="${OBJECTDIR}" -N255</CC1_FLAGS>
    <CC2_FLAGS>--scandep $(COMMON) --outdir="${OBJECTDIR}" -N255</CC2_FLAGS>
    <OPT>--opt=default,+asm,+asmfile,-speed,+space,-debug,9</OPT>
    <ICE>-D__DEBUG --debugger=pickit3</ICE>
    <TEXT>
ifeq ($(IMAGE_TYPE), debug)
OUTPUT_SUFFIX=cof 
DBG_FLAGS=${ICE}
else
OUTPUT_SUFFIX=hex 
DBG_FLAGS=
endif
    </TEXT>     
    <IMAGE_PATH>$(OBJECTDIR)/$(PROJECT).$(OUTPUT_SUFFIX)</IMAGE_PATH>
    <MFORMAT>"--errformat=%f:%l: error: %s" "--msgformat=%f:%l: advisory: %s" "--warnformat=%f:%l warning: %s"</MFORMAT>
    <C1FLAGS>$(CC1_FLAGS) $(RUNTIME) $(SUMMARY) $(DBG_FLAGS) $(OPT) $(MFORMAT)</C1FLAGS>
    <C2FLAGS>$(CC2_FLAGS) $(RUNTIME) $(SUMMARY) $(DBG_FLAGS) $(OPT) $(MFORMAT)</C2FLAGS>
    <LD1_FLAGS>-o${IMAGE_PATH} -mbuild/${IMAGE_TYPE}/${PROJECT}.map</LD1_FLAGS>
    <LDFLAGS>$(LD1_FLAGS) $(SUMMARY) $(COMMON) $(RUNTIME) $(OPT) $(DBG_FLAGS) --output=default,-inhx032 $(MFORMAT)</LDFLAGS>
    <INCLUDES sn="incs">#</INCLUDES>
    <OBJECTS path="$(OBJECTDIR)" sn="objs">#</OBJECTS>
    <EXTOBJS sn="eobjs">#</EXTOBJS>   
    <TEXT>
default: all

ifeq ($(IMAGE_TYPE), debug)
all: clean ${PROJECT}.{OUTPUT_SUFFIX}
	@echo "---------------------------------------------------"
	@echo "build done!"
else
all: ${PROJECT}.${OUTPUT_SUFFIX} XIC2MIC
	@echo "---------------------------------------------------"
	@echo "build done!"
endif
    </TEXT>         
  </define>
  <build>
    <action name="OBJECTS">
	<dep path="$(OBJECTDIR)"/>
      <rule>$(MP_CC) $(C1FLAGS) $(INCLUDES) %dep</rule>
      <rule>$(MP_CC) $(C2FLAGS) $(INCLUDES) %dep</rule>
    </action>
    <action name="$(PROJECT).$(OUTPUT_SUFFIX)">
      <dep>$(OBJECTS)</dep>
      <rule>$(MP_LD) $(LDFLAGS) $(OBJECTS)</rule>
    </action>
    <action name="AVRDUDE">
      <dep>$(PROJECT).$(OUTPUT_SUFFIX)</dep>
      <rule>@echo Sorry, Function DO NOT supported now!</rule>
    </action>
    <action name="XIC2MIC">
	<dep/>
	<rule>@echo "---------------------------------------------------"</rule>
	<rule>@$(APPROOT)/utils/bin/xic2mic --mh --ma -cm ${CHIP} -f ${IMAGE_PATH}</rule>
    </action>
    <action name="clean">
    	<rule>@$(APPROOT)/utils/bin/rm -rf build/${IMAGE_TYPE}</rule>
    	<rule>@$(APPROOT)/utils/bin/gmkdir -p build/${IMAGE_TYPE}</rule>
      <rule>@echo cleanup done!</rule>
    </action>
  </build>
</makefile>
