﻿<?xml version="1.0" encoding="utf-8" ?>
<project name="SimpleGPIO">
  <device name="LGT8F88A">
	  <module name="System Clock" init="DrvCLK_Init">
		<group type="macro">
		  <feature macro="MCK_MCKSEL">0x0 - Internal 16MHz clock"</feature>
		  <feature macro="MCK_FOSC">16000000</feature>
		  <feature macro="MCK_CLKDIV">0x3 - MCLK/8</feature>
		  <feature macro="MCK_OSCMEN">0</feature>
		  <feature macro="MCK_RC1KEN">0</feature>
		  <feature macro="MCK_RC16MEN">1</feature>
		</group>
	  </module>
	<module name="Miscellany" enable="true">
		<group type="macro">
		 <feature macro="MISC_SWDD">0</feature>
	 	 <feature macro="MISC_PUD">0</feature>
        	 <feature macro="MISC_CFDS">0x0 - normal (4mA)</feature>
		</group>
	</module>
    <module name="I/O Subsystem" init="DrvGPIO_Init">
      <group type="macro">
            <feature macro="GPIO_DDA0">1</feature>
            <feature macro="GPIO_DDA1">0</feature>
            <feature macro="GPIO_DDA2">0</feature>
            <feature macro="GPIO_DDA3">0</feature>
            <feature macro="GPIO_DDA4">0</feature>
            <feature macro="GPIO_DDA5">0</feature>
            <feature macro="GPIO_DDA6">0</feature>
            <feature macro="GPIO_DDA7">0</feature>
            <feature macro="GPIO_DDB0">0</feature>
            <feature macro="GPIO_DDB1">0</feature>
            <feature macro="GPIO_DDB2">0</feature>
            <feature macro="GPIO_DDB3">0</feature>
            <feature macro="GPIO_DDC0">0</feature>
            <feature macro="GPIO_DDC1">0</feature>
            <feature macro="GPIO_DDC2">0</feature>
            <feature macro="GPIO_DDC3">0</feature>
            <feature macro="GPIO_DDC4">0</feature>
            <feature macro="GPIO_DDC5">0</feature>
            <feature macro="GPIO_DDC6">0</feature>
            <feature macro="GPIO_DDD0">0</feature>
            <feature macro="GPIO_DDD1">0</feature>
            <feature macro="GPIO_DDD2">0</feature>
            <feature macro="GPIO_DDD3">0</feature>
            <feature macro="GPIO_DDD4">0</feature>
            <feature macro="GPIO_DDD5">0</feature>
            <feature macro="GPIO_DDD6">0</feature>
            <feature macro="GPIO_DDD7">0</feature>
            <feature macro="GPIO_PCIA0MSK">0</feature>
            <feature macro="GPIO_PCIA1MSK">0</feature>
            <feature macro="GPIO_PCIA2MSK">0</feature>
            <feature macro="GPIO_PCIA3MSK">0</feature>
            <feature macro="GPIO_PCIA4MSK">0</feature>
            <feature macro="GPIO_PCIA5MSK">0</feature>
            <feature macro="GPIO_PCIA6MSK">0</feature>
            <feature macro="GPIO_PCIA7MSK">0</feature>
            <feature macro="GPIO_PCIB0MSK">0</feature>
            <feature macro="GPIO_PCIB1MSK">0</feature>
            <feature macro="GPIO_PCIB2MSK">0</feature>
            <feature macro="GPIO_PCIB3MSK">0</feature>
            <feature macro="GPIO_PCIC0MSK">0</feature>
            <feature macro="GPIO_PCIC1MSK">0</feature>
            <feature macro="GPIO_PCIC2MSK">0</feature>
            <feature macro="GPIO_PCIC3MSK">0</feature>
            <feature macro="GPIO_PCIC4MSK">0</feature>
            <feature macro="GPIO_PCIC5MSK">0</feature>
            <feature macro="GPIO_PCIC6MSK">0</feature>            
            <feature macro="GPIO_PCID0MSK">0</feature>
            <feature macro="GPIO_PCID1MSK">0</feature>
            <feature macro="GPIO_PCID2MSK">0</feature>
            <feature macro="GPIO_PCID3MSK">0</feature>
            <feature macro="GPIO_PCID4MSK">0</feature>
            <feature macro="GPIO_PCID5MSK">0</feature>
            <feature macro="GPIO_PCID6MSK">0</feature>
            <feature macro="GPIO_PCID7MSK">0</feature>
            <feature macro="GPIO_PDA0">0</feature>
            <feature macro="GPIO_PDA1">0</feature>
            <feature macro="GPIO_PDA2">0</feature>
            <feature macro="GPIO_PDA3">0</feature>
            <feature macro="GPIO_PDA4">0</feature>
            <feature macro="GPIO_PDA5">0</feature>
            <feature macro="GPIO_PDA6">0</feature>
            <feature macro="GPIO_PDA7">0</feature>
            <feature macro="GPIO_PDB0">0</feature>
            <feature macro="GPIO_PDB1">0</feature>
            <feature macro="GPIO_PDB2">0</feature>
            <feature macro="GPIO_PDB3">0</feature>
            <feature macro="GPIO_PDC0">0</feature>
            <feature macro="GPIO_PDC1">0</feature>
            <feature macro="GPIO_PDC2">0</feature>
            <feature macro="GPIO_PDC3">0</feature>
            <feature macro="GPIO_PDC4">0</feature>
            <feature macro="GPIO_PDC5">0</feature>
            <feature macro="GPIO_PDC6">0</feature>
            <feature macro="GPIO_PDD0">0</feature>
            <feature macro="GPIO_PDD1">0</feature>
            <feature macro="GPIO_PDD2">0</feature>
            <feature macro="GPIO_PDD3">0</feature>
            <feature macro="GPIO_PDD4">0</feature>
            <feature macro="GPIO_PDD5">0</feature>
            <feature macro="GPIO_PDD6">0</feature>
            <feature macro="GPIO_PDD7">0</feature>
            <feature macro="GPIO_EXINT0ISC">0x0 - low level</feature>
            <feature macro="GPIO_EXINT1ISC">0x0 - low level</feature>
            <feature macro="GPIO_EXINT2ISC">0x0 - low level</feature>
            <feature macro="GPIO_PCINT0EN">0x0 - low level</feature>
      </group>
      <group type="irq">
        <vector name="IVN_EXINT0" macro="GPIO_EXINT0EN" enable="0"/>
        <vector name="IVN_EXINT1" macro="GPIO_EXINT1EN" enable="0"/>
        <vector name="IVN_EXINT2" macro="GPIO_EXINT2EN" enable="0"/>
	<vector name="IVN_PCINT0" macro="GPIO_PCINT0EN" enable="0"/>
      </group>
    </module>	
    <module name="Timer/Counter 0" init="DrvTC0_Init">
      <group type="macro">
        <feature macro="TC0_CS0">0x1 - SYSCLK</feature>
        <feature macro="TC0_WGM0">0x2 - CTC mode</feature>
        <feature macro="TC0_COM0">0x1 - toggle on compare match</feature>
        <feature macro="TC0_OC0EN">1</feature>
        <feature macro="TC0_OCR0">0x55</feature>
        <feature macro="TC0_TCNT0">0x00</feature>
      </group>
      <group name="Interrupters" type="irq">
        <vector name="IVN_TC0_TOV" macro="TC0_TOV0EN" enable="0"/>
        <vector name="IVN_TC0_OC" macro="TC0_OCF0EN" enable="1"/>
      </group>
    </module>
  </device>
</project>
                                                                                                                                                                                                                                                                                                                                                                                                                                                                                                                                                                                                                                                                                                                                                                                                                                                                                                                                                                                                                                                                                                                                                                                                                                                                                                                                                                                                                                                                                                                                                                                                                                                                                                                                                                                                                                                                                                                                                                                                                                                                                                                                                                                                                                                                                                                                                                                                                                                                                                                                                                                                                                                                                                                                                                                                                                                                                                                                                                                                                                                                                                                                                                                                                                                                                                                                                                                                                                                                                                                                                                                                                                                                                                                                                                                                                                                                                                                                                                                                                                                                                                                                                                                                                                                                                                                                                                                                                                                                                          
