﻿<?xml version="1.0" encoding="utf-8" ?>
<demos>
  <demo name="EmptyProject" path="" default="true">
    <comment>This is a project with empty main.c</comment>
    <ide name="AVRStudio 4">
      <settings></settings>
    </ide>
    <ide name="ICCAVR 7">
      <settings></settings>
    </ide>
    <ide name="WinAVR">
      <settings></settings>
    </ide>
  </demo>
  <demo name="SimpleUART" path="">
    <comment>A simple demo about USART module usage</comment>
    <comment>Keep sending "Hello, the world!" at 19200bps to USART/TXD</comment>	  
    <ide name="AVRStudio 4">
      <settings>
        <option name=""></option>
        <option name=""></option>
      </settings>
    </ide>
    <ide name="ICCAVR 7">
      <settings></settings>
    </ide>
    <ide name="WinAVR">
      <settings>
        <option name=""></option>
        <option name=""></option>
      </settings>
    </ide>
  </demo>
</demos>
