﻿<?xml version="1.0" encoding="utf-8" ?>
<demos>
  <demo name="EmptyProject" path="" default="true">
    <comment>This is a project with empty main.c</comment>
    <ide name="WinAVR">
      <settings></settings>
    </ide>
    <ide name="AVRStudio 4">
      <settings></settings>
    </ide>
    <ide name="ICCAVR 7">
      <settings></settings>
    </ide>
  </demo>
  <demo package="SSOP28L|SSOP24L|SOP8L|QFP32L" name="SimpleGPIO" path="">
    <comment>A sample to demo I/O usage.</comment>
    <comment>Please open [PinView] to see pin configuration</comment>
    <ide name="WinAVR">
      <settings></settings>
    </ide>
    <ide name="AVRStudio 4">
      <settings></settings>
    </ide>
    <ide name="ICCAVR 7">
      <settings></settings>
    </ide>
  </demo>
  <demo name="SimpleUART" path="">
    <comment>A simple demo about USART module usage</comment>
    <comment>Keep sending "Hello, the world!" at 19200bps to USART/TXD</comment>
    <ide name="WinAVR">
      <settings></settings>
    </ide>
    <ide name="AVRStudio 4">
      <settings></settings>
    </ide>
    <ide name="ICCAVR 7">
      <settings></settings>
    </ide>
  </demo>
  <demo name="SimpleUART_IRQ" path="">
    <comment>To demo usage of interrupt of UART Receive completion</comment>
    <comment>The program start from printing "Hello, the world!" @19200bps</comment>
    <comment>Then enter loop mode to send everything its recevied.</comment>
    <ide name="WinAVR">
      <settings></settings>
    </ide>
    <ide name="AVRStudio 4">
      <settings></settings>
    </ide>
    <ide name="ICCAVR 7">
      <settings></settings>
    </ide>
  </demo>
  <demo name="SimpleTimer0" path="">
    <comment>To demo usage of Timer0 CTC mode</comment>
    <comment>A 50% duty cycle PWM will be also generated at [OC0]</comment>
    <comment>[PA0] is toggled in Timer0's compare match interrupt</comment>
    <ide name="WinAVR">
      <settings></settings>
    </ide>
    <ide name="AVRStudio 4">
      <settings></settings>
    </ide>
    <ide name="ICCAVR 7">
      <settings></settings>
    </ide>
  </demo>  
  <demo name="SimpleTimer1" path="">
    <comment>To demo usage of Timer1 CTC mode</comment>
    <comment>A 50% duty cycle PWM will be also generated at [OC1A] and [OC1B]</comment>
    <ide name="WinAVR">
      <settings></settings>
    </ide>
    <ide name="AVRStudio 4">
      <settings></settings>
    </ide>
    <ide name="ICCAVR 7">
      <settings></settings>
    </ide>
  </demo>  
</demos>
